的,38343.32
一,16132.87
是,14306.2
我,13208.25
了,12995.58
不,12174.55
在,9790.59
有,9455.98
人,9193.56
个,7281.75
这,7127.52
他,6792.11
上,6246.79
大,6124.29
来,6053.91
到,5523.7
中,5259.33
们,5255.49
就,4935.54
说,4922.77
时,4864.72
你,4547.17
为,4439.58
学,4357.57
国,4284.53
要,4231.96
子,4119.84
和,4101.54
地,4075.53
也,3964.6
生,3951.23
以,3847.14
会,3803.33
着,3799.33
年,3745.87
出,3741.38
下,3505.09
那,3503.38
可,3444.76
里,3382.62
家,3367.77
后,3327.7
得,3326.33
么,3316.91
好,3312.18
过,3281.97
小,3240.35
天,3202.19
她,3161.92
看,3159.7
自,3159.44
多,3121.25
对,3094.52
没,3058.81
都,3050.51
去,3032.74
还,2961.21
能,2915.5
发,2631.81
心,2485.02
道,2424.48
用,2411.93
很,2386.76
作,2376.09
想,2357.61
然,2340.78
开,2336.73
于,2325.6
日,2282.91
而,2281.6
之,2244.83
成,2231.59
经,2223.03
面,2209.3
事,2205.53
起,2204.44
现,2177.61
行,2119.37
点,2109.31
文,2079.3
样,2075.12
方,2064.88
如,2057
所,2032.62
前,1935.37
当,1924.38
本,1923.14
老,1908.98
同,1886.23
法,1883.04
只,1878.03
回,1867.9
分,1851.43
情,1800.5
些,1767.68
什,1764.6
最,1761.54
公,1738.31
动,1736.33
从,1725.95
间,1712.55
但,1687.89
长,1686.86
把,1672.17
知,1672
意,1671.63
月,1670.53
者,1663.75
话,1660.47
高,1659.57
手,1640.1
主,1633.2
理,1628.83
己,1625.03
工,1622.69
实,1609.91
头,1603.94
女,1602.86
问,1601.31
无,1600.04
进,1599.54
新,1596.9
车,1571.93
外,1566.17
其,1559.41
种,1536.25
定,1529.67
儿,1510.81
业,1507.77
两,1504.59
三,1503.86
给,1502.74
又,1499.86
因,1493.37
明,1471.72
电,1465.61
与,1450.55
美,1431.95
次,1423.33
全,1421.9
教,1419.99
名,1397.47
已,1375.05
等,1355.23
打,1343.26
被,1342.61
真,1341.76
关,1335.21
第,1333.04
正,1325.51
机,1315.54
十,1314.44
力,1303.96
身,1302.48
做,1294.79
部,1287.48
见,1280.25
民,1270.69
走,1259.88
西,1259.16
几,1251.34
感,1246.33
比,1227.4
市,1226.95
门,1216.79
语,1209.38
体,1208.98
果,1200.83
重,1182.42
让,1178.36
二,1176.65
相,1170.71
场,1168.83
东,1166.74
加,1166.73
表,1162
此,1158.62
水,1155.62
常,1155.36
路,1145.36
位,1133.71
别,1115.33
题,1114.64
再,1110.59
口,1103.74
书,1103.42
内,1087.04
活,1085.09
信,1079.62
将,1064.84
通,1052.19
记,1048.92
觉,1047.8
北,1042.3
候,1038.67
气,1035.65
师,1030.28
爱,1029.86
应,1027.8
才,1022.21
海,1015.5
性,1014.92
声,1014.29
报,1000.55
员,997.07
边,993.51
安,990.49
期,990.35
听,989.99
向,982.52
特,981.36
太,978.39
少,974.72
更,967.95
入,967.43
网,966.64
先,962.77
平,954.87
化,954.77
合,951.22
并,950.48
眼,934.55
论,925.73
张,921.57
代,910.5
每,900.01
提,897
目,890.69
四,889.32
使,888.87
接,888.49
吃,887.6
由,886.53
山,884.55
总,882.71
直,875.43
放,872.34
元,863.53
白,858.58
或,857.05
物,855.49
解,855.16
利,854.62
像,854.13
系,853.6
品,852.17
考,852.14
色,849.88
世,848.45
度,843.37
孩,838.8
处,838.48
今,834.69
原,832.42
字,828.67
住,827.76
它,827.54
件,826.72
友,825.83
怎,824.27
笑,820.63
校,817.72
数,815.59
产,812.52
认,803.89
政,801.48
受,800.69
光,800.03
院,794.73
金,793.39
任,793.34
结,787.8
交,779.49
风,775.67
京,775.46
司,773.69
完,773.56
区,773.48
影,772.08
带,770.47
何,769.35
乐,767.72
吧,765.26
制,764.89
难,760
及,759.83
建,759.68
英,757.89
非,754.84
花,752.97
快,752.22
该,749.09
亲,741.73
管,736.72
马,731.94
写,730.98
音,730.12
清,729.79
告,728.68
斯,728.03
台,727.62
万,725.59
华,723.72
望,721.99
至,721.6
城,717.81
资,712.25
房,707.47
找,698.26
科,697.88
服,697.55
钱,695.87
便,695.5
许,693.7
保,692.83
务,691.76
男,690.98
象,689.93
思,689.47
南,687.81
五,686.58
始,686.21
言,685.95
吗,685.84
呢,684.11
流,683.96
立,683.33
站,681.07
各,680.01
程,678.79
王,678.45
神,676.03
却,674.86
片,671.58
妈,671.21
变,669.93
请,668.95
叫,663.08
社,654.68
收,651.31
跟,646.61
专,646.18
条,643.61
计,643.58
单,640.42
办,640.26
反,637.75
费,631.37
式,630.24
啊,630.14
干,626.62
量,626.19
往,623.97
复,621.52
传,617.4
界,615.13
死,613.29
展,612.39
喜,610.35
拉,610.28
格,603.65
欢,601.68
周,596.42
强,595.87
习,594.46
广,594.17
德,591.84
图,591.6
空,589.02
转,588.57
军,588.05
留,588.03
容,586.69
视,585.54
晚,585.01
求,584.73
连,584.43
指,584.2
早,582.94
尔,582.63
持,580.45
商,580.39
近,574.31
星,573.61
远,570.97
满,569.87
共,569.16
读,566.86
游,566.25
深,563.96
价,563.96
客,560.01
联,556.11
红,555.86
达,555.51
导,554.2
包,551.18
李,546.32
算,545.95
设,545.93
命,543.54
术,543.33
战,542.08
士,538.04
离,537.94
队,537.39
运,536.63
买,534.49
且,532.57
基,532.24
试,529.14
注,527.23
选,526.91
观,526.81
识,523.45
楼,523.23
节,522.55
讲,522.28
越,520.77
义,519.68
精,518.15
号,518.07
整,517.11
林,515.17
半,513.27
证,512.65
坐,512.44
准,510.74
息,509.37
轻,506.09
拿,505
百,504.49
级,502.29
育,501.53
决,501.31
统,499.34
改,498.17
火,498.05
必,496.28
照,495.82
调,494.14
刚,491.99
班,491.67
形,491.48
克,491.1
线,475.83
评,475.29
步,475.05
领,474.98
热,473.67
母,472.85
失,472.07
首,470.97
装,470.95
演,470.47
酒,469.09
权,468.99
类,468.65
夫,468.58
历,467.62
课,466.1
阿,466.05
功,465.46
组,462.91
需,462.26
取,461.25
哪,457.36
布,456.29
饭,455.23
医,454.4
研,454.06
较,453.14
青,453.1
根,451.55
父,450.26
据,449.87
查,448.83
朋,447.37
病,446.69
即,446.29
集,445.7
江,445.47
球,445.04
兴,444.56
脸,442.94
示,442.34
店,442.02
则,441.94
黑,440.86
姐,436.84
六,435.7
版,435.69
送,435.04
究,433.1
确,432
引,431.33
备,430.29
阳,429.32
飞,428.89
未,427.14
您,426.15
治,425.9
随,425.18
谁,425.09
约,424.73
标,423.21
切,422.32
易,421.56
室,421.34
香,421.27
终,420.29
诉,418.62
议,418.51
参,417.22
造,415.22
谈,412.19
规,411.3
岁,410.73
具,410.39
际,410
消,409.94
答,409.47
错,408.39
八,407.66
乎,405.89
句,405.18
念,405.01
技,404.26
落,403.93
夜,403.2
推,403.12
故,403.04
局,402.19
似,402.1
段,398.07
志,396.84
况,396.42
支,393.22
黄,391.33
衣,390.91
曾,389.59
词,387.62
史,387.58
歌,384.67
州,384.58
爸,382.93
料,382.84
古,381.52
尽,378.72
极,377.57
谢,377.45
众,377.07
排,374.73
园,374.71
希,373.99
另,373.54
团,373.39
续,372.84
午,372.72
石,372.29
哥,372.06
米,371.94
除,370.94
罗,369.67
馆,369.65
章,369.4
虽,368.99
质,367.39
帮,366.81
底,366.46
响,365.91
紧,365.39
足,364.05
称,363.78
双,360.09
巴,359.41
倒,359.38
村,358.86
千,358.77
够,357.27
济,356.96
亚,356.16
怕,355.81
居,354.82
案,352.88
显,351.31
修,351.26
画,350.76
府,349.66
警,348.51
争,346.53
福,346.13
苦,345.48
投,345.28
断,340.95
般,340.55
绝,340.26
存,340.07
突,339.68
奇,338.07
食,337.64
份,337.57
街,337.48
脑,336.88
简,335.86
初,334.46
毛,333.01
助,332.94
玩,332.67
待,332.51
票,332.14
愿,331.17
创,330.92
久,328.99
户,328.93
味,328.38
闻,325.99
党,325.13
省,325
低,324.11
剧,323.96
静,323.57
纪,322.92
击,322.7
睡,321.28
穿,321.2
春,320.21
举,319.43
景,318.96
云,318.28
细,317.08
七,317.03
害,316.88
河,315.79
弟,315.47
责,315.43
汉,315.39
停,315.28
列,314.57
宝,314.16
龙,313.93
刻,313.67
农,313.53
哈,313.15
差,312.81
刘,312.67
亮,312.41
官,312.13
钟,311.83
九,311.71
板,310.36
背,309.49
型,307.37
陈,306.79
丽,305.5
境,305.1
角,304.82
营,304.39
仅,304.32
态,303.71
令,303.18
录,301.46
独,301.12
源,301.12
项,300.89
编,300.83
跑,300.72
委,299.95
护,299.42
兰,298.02
印,297.9
伤,297.66
超,297.3
环,296.84
值,295.72
块,295.7
供,295.5
采,294.87
艺,293.28
卡,293.16
职,292.17
竟,291.16
器,291.1
赛,290.14
否,289.08
雨,288.63
按,287.82
维,287.48
皮,286.74
严,286.24
喝,285.75
旅,284.64
企,283.73
戏,283.23
笔,283.15
速,280.94
养,280.88
增,280.28
卖,279.68
验,279.5
依,279.31
堂,279.3
座,278.43
朝,277.71
某,277.5
假,277.45
群,276.85
脚,275.61
破,274.77
族,274.16
致,274.04
惊,273.89
甚,273.73
菜,273.48
忙,273.3
土,272.37
冷,271.68
须,270.66
围,270.43
温,270.33
微,270.17
慢,269.83
限,269.6
木,269.45
招,269.17
呀,268.69
博,268.38
换,268.33
律,267.29
划,266.62
毕,266.39
优,266.04
介,265.9
左,265.05
急,263.34
唱,261.88
梦,261.34
察,261.16
效,260.96
血,260.54
模,259.85
右,259.62
武,259.26
杀,258.72
层,258.33
树,256.62
普,256.21
势,255.76
掉,255.31
铁,255.19
获,255.04
富,254.13
婚,253.84
痛,253.3
银,251.37
免,251.33
革,251.23
冲,251.03
载,248.05
派,247.93
置,247.04
股,246.07
密,245.29
属,245.27
永,245.04
练,244.98
翻,244.58
油,244.26
牌,243.66
短,241.86
负,241.81
卫,241.64
拍,241.45
床,241.4
怪,241.33
继,241.01
适,240.62
礼,239.72
怀,239.71
遇,239.52
例,238.57
纸,237.54
乱,236.48
雪,236.13
充,236.11
激,236.09
幸,235.26
藏,235.07
访,234.68
乡,233.47
止,232.78
呼,231.76
牛,231.75
苏,231.29
港,231.05
曲,230.8
灵,230.29
奶,229.85
压,229.65
赶,229.4
状,229.38
若,228.24
款,228.18
批,228.11
妹,227.64
担,227.22
典,227.1
素,227.03
仍,226.39
配,226.35
顺,226.32
贵,226.01
爷,225.99
顾,225.35
积,225.31
沙,225.28
娘,225.22
胡,224.65
敢,224.29
织,223.42
余,221.94
餐,221.55
承,221.12
药,219.77
嘴,219.53
屋,219.45
轮,219.39
兵,219.29
彩,219.11
预,218.62
佛,218.23
副,217.17
草,217.1
顶,216.96
劳,216.86
沉,216.4
威,216.02
松,215.97
肉,215.91
诗,215.71
尼,215.59
烟,215.25
施,215.21
销,214.79
疑,214.24
择,214.15
跳,213.63
肯,213.25
讨,212.94
构,212.82
追,212.1
材,211.96
旁,211.89
玉,211.88
露,211.7
靠,211.15
杂,211.1
忘,211.06
舞,210.63
杨,209.78
县,209.36
坚,209.1
篇,209.06
善,208.94
奖,208.91
页,208.61
套,207.99
邮,207.85
恶,207.66
索,207.03
睛,206.84
波,206.53
欧,205.73
率,205.14
险,205.05
洗,204.99
汽,204.91
鱼,204.5
洲,203.81
熟,203.79
授,203.67
防,203.03
盘,201.77
窗,201.46
厂,200.96
良,200.5
湖,200.29
范,200.1
财,199.67
异,198.83
货,197.68
升,197.05
宁,195.49
趣,195.33
迷,195.23
康,194.2
楚,194.05
呵,193.69
陆,193.36
退,192.86
临,192.65
夏,192.25
休,191.8
灯,191.13
协,190.96
概,190.95
托,190.79
训,190.12
醒,189.97
顿,189.06
暗,188.96
旧,188.71
购,188.7
健,188.69
码,188.41
封,188.29
售,187.28
贴,187.04
湾,186.99
秀,186.87
厅,186.87
庭,186.87
播,186.66
阅,186.49
抱,185.77
散,184.54
登,184.49
坏,184.31
渐,184.06
宣,183.71
哭,183.69
纳,183.55
田,183.45
检,182.34
绍,182.17
付,181.71
鲜,180.45
益,179.75
软,179.22
庆,179.2
镇,179.16
搞,178.84
移,178.5
默,177.7
吸,177.52
席,176.88
妇,176.8
洋,176.6
叶,176.08
救,176.07
括,175.67
舍,175.12
络,174.58
互,174.54
啦,174.53
述,174.38
桌,174.32
斗,173.97
既,173.81
抓,173.71
烈,173.59
策,173.44
冰,173.43
秋,173.23
汇,172.7
浪,172.55
懂,172.3
胜,171.68
辑,171.54
茶,171.37
守,170.65
丝,170.26
莫,169.9
犯,169.03
阵,168.64
伙,168.5
译,168.17
罪,167.51
架,166.9
婆,166.03
泪,165.8
聊,165.62
略,165.54
桥,165.41
耳,165.04
牙,165.01
签,163.97
韩,163.64
补,163.15
归,162.85
迎,162.65
恐,162.37
占,162.23
困,161.96
摇,161.32
均,161.08
奥,161.03
圣,160.42
伯,160.3
尚,160.21
昨,159.89
培,159.76
绿,159.19
伊,158.88
寻,158.57
姓,158.53
附,158.37
船,158.2
册,158.1
申,158
误,157.72
雅,157.67
弄,157.56
野,157.06
判,157.05
脱,156.84
忆,156.76
遍,156.59
麻,156.58
坛,156.4
借,155.82
监,155.48
忍,155.46
妻,155.32
控,155.3
恋,154.53
秘,154.45
蓝,154.43
释,154.24
折,153.88
缺,153.43
阶,153.17
俄,153.1
币,152.85
赵,152.84
姑,152.79
透,152.78
鸡,152.74
束,152.59
孙,151.99
端,151.75
租,151.46
童,151.32
忽,151.26
智,150.33
齐,150.04
掌,149.74
执,149.31
帝,149.11
测,148.99
偷,148.91
杯,148.24
吉,148.09
降,147.89
墙,147.71
谓,147.44
征,147.06
宿,146.57
偶,144.9
私,144.74
狗,144.73
漫,144.62
晓,143.98
挂,143.57
握,143.47
拥,143.03
扬,142.83
累,142.81
挺,142.81
探,142.68
抗,142.17
媒,141.86
筑,141.53
央,140.66
宫,140.53
虑,139.98
烦,139.9
减,139.71
欲,139.64
惯,139.57
遗,139.48
岛,139.33
季,139.31
吴,139.06
弹,138.9
丁,138.3
卷,138.25
淡,138.21
辆,137.98
含,137.98
盖,137.94
鲁,137.85
丰,137.64
唐,137.36
梅,137.34
挥,137.1
箱,136.98
狂,136.25
序,136.22
享,136.11
冬,136.04
鬼,136.02
恩,135.65
摆,135.33
乘,135.22
兄,135.15
败,135.07
巨,135.03
镜,134.94
喊,134.63
刀,134.55
烧,133.84
伟,133.4
雷,133.36
鼓,133.29
袋,133.21
泽,132.95
禁,132.69
枪,132.52
航,132.41
宗,132.2
毒,132.09
审,132
硬,131.67
抽,131.36
阴,131.31
闹,131.15
皇,130.79
迫,130.45
伦,130.42
宜,130.39
暴,130.36
荣,129.74
额,129.6
操,129.43
途,129.4
巧,129.11
隐,128.77
咱,128.26
蒙,128.08
址,127.65
圆,127.32
贝,127.06
蛋,126.17
川,125.98
庄,125.89
祖,125.83
漂,125.74
努,125.19
输,125.13
佳,124.98
骨,124.78
幕,124.45
亿,124.44
腿,124.3
盛,124.12
末,123.86
鞋,123.63
尤,123.23
绩,122.68
凡,122.49
纯,122.3
悲,122.09
厚,121.52
危,121.4
域,120.79
塔,120.76
稿,120.58
净,120.57
析,120.45
嘛,120.3
虚,120.07
挑,119.82
宽,119.49
圈,119.41
混,118.95
毫,118.12
晨,117.98
君,117.51
频,116.97
伴,116.87
勇,116.81
寒,116.73
迹,116.67
诚,116.62
朱,116.54
峰,116.42
疗,116.31
零,115.87
诺,115.73
弃,115.72
避,115.48
尊,115.12
逃,114.97
雄,114.64
税,114.63
亡,114.55
摩,114.22
戴,114.21
闲,114.18
呆,114.17
遭,114.02
拜,113.74
聚,113.7
讯,113.63
攻,113.63
虎,113.34
射,112.63
刊,112.57
杰,111.89
珠,111.87
宾,111.84
摸,111.82
奋,111.46
库,111.41
徐,111.4
刺,111.05
陪,110.83
竞,110.73
舒,110.39
核,110.22
偏,110.16
础,110.08
献,109.93
闪,109.88
骂,109.58
摄,109.52
劲,109.39
敬,109.21
叔,108.74
弱,108.54
纷,108.43
唯,108.41
闭,108.34
隔,107.94
固,107.86
帖,107.4
欣,107.27
塞,107.08
抢,107.07
伸,106.94
缘,106.94
针,106.54
甲,106.41
徒,106.11
触,105.98
碰,105.87
豆,105.61
珍,105.42
仿,105.4
凉,105.3
粉,105.22
逐,104.96
暖,104.76
森,104.46
稳,104.12
萨,104
惜,103.74
映,103.71
姆,103.32
敌,103.25
饮,102.8
奔,102.59
哦,102.52
郑,102.47
替,102.46
赞,102.32
览,102.2
潮,102.16
残,102.13
赏,102.06
融,101.69
订,101.55
饰,101.55
丹,101.31
琴,101.22
丈,100.98
启,100.93
龄,100.91
键,100.73
鸟,100.69
猫,100.45
辛,100.14
洞,100.13
汤,99.79
妙,99.65
瑞,99.63
俩,99.63
羊,99.61
寄,99.54
颜,98.9
孤,98.86
柔,98.37
恨,98.33
亦,98.26
坦,98.19
延,98.01
染,97.89
悉,97.71
冒,97.03
麦,96.93
缓,96.63
返,96.6
猪,96.51
询,96.49
距,96.4
吹,96.2
猜,96.19
荐,96.15
瓶,95.83
敏,95.71
娜,95.67
磨,95.19
朗,95.11
糊,95.03
宇,94.86
骗,94.8
岸,94.61
仔,94.54
贸,94.35
梁,94.34
爆,94.3
辈,93.83
搜,93.82
叹,93.78
洛,93.77
铺,93.76
抬,93.74
甜,93.25
魔,93.24
剑,93.2
津,92.91
俗,92.84
炼,92.19
豪,92.12
损,92.02
怒,91.96
祝,91.92
灰,91.57
洁,91.5
迅,91.48
朵,90.92
胸,90.81
届,90.65
骑,90.58
震,90.37
旦,90.08
泉,89.84
孔,89.81
幅,89.78
扎,89.61
勒,89.29
侧,89.28
刑,88.94
宋,88.6
悄,88.6
爬,88.55
予,88.51
慧,88.26
横,88.16
档,88.11
吓,87.95
钢,87.81
犹,87.61
沿,87.58
穷,87.53
堆,87.49
凭,87.28
飘,87.13
坡,86.88
眉,86.83
递,86.43
插,86.32
估,86.24
曼,86.06
肩,85.89
泰,85.84
促,85.79
疼,85.73
尾,85.49
杜,85.2
剩,85.15
嘉,85.11
搭,85.06
燕,84.96
腰,84.95
滑,84.84
迪,84.83
炸,84.63
沈,84.58
疯,84.19
惠,83.92
灭,83.86
泡,83.86
荡,83.72
符,83.69
黎,83.43
澳,83.37
拒,83.34
仪,83.27
繁,83.21
彼,83.17
汗,83.14
肥,82.97
凤,82.85
竹,82.7
莱,82.69
裤,82.34
详,82.27
诸,82.04
旗,82.03
瓦,81.75
躺,81.51
谷,81.03
闷,81.03
绪,81.02
辉,80.74
壁,80.57
拖,80.57
寺,80.56
紫,80.41
链,80.2
幻,80.14
患,80.13
芳,79.99
菲,79.84
傻,79.84
丢,79.77
郎,79.71
罢,79.56
描,79.47
猛,79.39
忧,79.37
搬,79.27
违,79.27
仙,79.22
糖,79.18
迟,79.12
尖,78.87
挤,78.86
洪,78.83
咖,78.79
艾,78.76
辞,78.75
督,78.31
壮,78.28
幼,78.19
拼,78.12
乌,77.88
锅,77.86
稍,77.81
涉,77.73
秦,77.66
缩,77.55
滚,77.09
冠,77.01
贫,76.77
郁,76.56
酸,76.54
腾,76.35
啡,76.2
仁,76.2
烂,76.03
番,76.02
鼻,75.74
润,75.65
醉,75.57
锁,75.5
撞,75.43
驾,75.39
尝,75.38
肚,75.28
勤,75.16
胖,75.03
扫,75.03
泥,74.83
狠,74.8
耐,74.74
籍,74.59
池,74.59
彻,74.5
励,74.38
浓,74.31
焦,74.28
碎,74.27
沟,74.22
隆,74.19
碗,74.07
董,73.98
擦,73.86
暂,73.83
薄,73.71
忠,73.58
倾,73.36
障,73.06
盟,72.91
奏,72.79
谋,72.55
椅,72.55
氏,72.51
昏,72.28
魂,72.21
傅,72.21
浮,72.18
夺,72.11
井,71.95
奈,71.79
帐,71.76
柳,71.75
甘,71.75
瓜,71.73
抵,71.64
吐,71.44
匆,71.35
粗,71.3
哲,71.28
赚,71.28
殊,71.27
貌,71.06
扩,70.99
废,70.92
胆,70.81
怨,70.76
措,70.64
扣,70.58
娃,70.57
俺,70.41
赖,70.4
斤,70
湿,69.84
栏,69.49
仰,69.46
梯,69.46
怜,69.43
综,69.34
曰,69.34
晴,69.1
慰,69.06
驶,69.04
姨,68.89
绕,68.83
召,68.71
狼,68.67
邻,68.58
倍,68.32
幽,68.31
郭,68.2
厉,68.07
惑,67.9
摘,67.57
铃,67.54
悠,67.45
陷,67.45
伍,67.19
嘿,67.12
脏,67.08
岗,66.99
玛,66.86
艳,66.76
夹,66.71
俱,66.69
填,66.66
厌,66.5
颗,66.47
灾,66.46
乔,66.4
酷,66.39
滴,66.27
挣,66.13
敲,66.1
凌,66.1
滋,66.01
裁,65.87
逼,65.59
狱,65.54
腐,64.99
拔,64.91
聘,64.81
瘦,64.75
跃,64.58
戒,64.57
兼,64.54
邓,64.51
踏,64.21
症,64.19
乃,64.03
埃,63.97
径,63.87
愤,63.64
罚,63.55
圳,63.54
刷,63.41
恰,63.4
弯,63.39
潜,63.35
振,63.23
悔,62.8
污,62.77
荷,62.72
乏,62.63
凯,62.59
祥,62.49
聪,62.37
植,62.34
纽,62.22
寂,62.15
侵,62.07
晶,62.01
瞧,61.85
躲,61.79
卢,61.76
尘,61.72
惨,61.7
娱,61.68
崇,61.65
厨,61.65
涛,61.59
墨,61.47
疾,61.32
锋,61.32
桃,61.3
扑,60.94
阻,60.87
荒,60.83
晃,60.83
柜,60.75
佩,60.71
玲,60.64
屁,60.57
拨,60.54
俊,60.47
昌,60.27
邀,60.2
邦,60
撒,59.84
衡,59.81
肤,59.66
盒,59.55
扔,59.33
诞,59.31
涂,59.3
锦,59.21
粮,59.16
泛,59.11
劝,58.97
吵,58.83
陶,58.8
堡,58.59
肖,58.44
涨,58.34
迁,58.31
钻,58.31
爽,58.23
悟,58.18
旋,58.17
璃,58.17
遥,58.15
驻,58.13
鼠,58.1
莲,57.9
皆,57.49
莉,57.41
昆,57.23
浅,57.22
奉,57.07
矿,57.03
桑,56.89
捕,56.85
恢,56.83
咬,56.72
液,56.67
邪,56.66
虫,56.66
塑,56.59
盗,56.55
帅,56.49
埋,56.33
毁,56.28
扭,56.16
牵,56.14
啥,56.14
允,56.11
扰,55.97
吻,55.91
姿,55.51
赢,55.46
侯,55.44
丧,55.43
枝,55.39
凶,55.27
拾,55.2
赫,55.1
赴,55.05
屏,55.02
帽,54.84
玻,54.79
愈,54.74
耀,54.64
苍,54.61
麽,54.59
宏,54.55
艰,54.54
踪,54.49
誉,54.36
盾,54.3
慕,54.17
懒,54.14
揭,54.13
伏,53.88
晕,53.78
炮,53.74
涌,53.61
嫌,53.6
氛,53.54
厦,53.52
颇,53.48
逛,53.43
辣,53.42
脆,53.39
饼,53.26
耶,53.25
扶,53.08
辩,53.05
摊,53.01
炎,52.98
卧,52.97
炒,52.95
纵,52.76
串,52.74
厕,52.45
饿,52.44
肃,52.38
窝,52.37
宅,52.24
慌,52.22
鸣,52.17
蒋,52.1
援,52.06
溜,51.92
袖,51.86
敦,51.67
拳,51.66
稀,51.58
裂,51.55
羽,51.54
桂,51.47
牢,51.44
赠,51.36
嫁,51.34
熊,51.33
哎,51.28
蒂,51.27
扮,51.23
雕,51.16
添,51.09
贺,51.06
弗,51.01
尺,50.99
於,50.97
辅,50.78
曹,50.78
哀,50.69
屈,50.68
拟,50.57
尸,50.5
践,50.46
截,50.43
棒,50.41
冯,50.25
疲,50.23
袭,50.08
燃,50.05
柏,50
饱,50
寿,49.97
恼,49.88
捐,49.76
唇,49.72
渡,49.7
眠,49.48
凝,49.42
喂,49.39
偿,49.37
畅,49.32
爹,49.26
悦,49.22
欺,49.13
硕,48.82
莎,48.75
掩,48.74
篮,48.7
贡,48.63
跌,48.47
盯,48.37
秒,48.34
鉴,48.33
烤,48.28
亏,48.26
岩,48.1
雾,48.05
翼,47.95
贾,47.9
乳,47.8
庙,47.7
孟,47.66
萧,47.6
丫,47.54
傲,47.47
浙,47.46
臣,47.42
跨,47.4
押,47.37
臭,47.31
榜,47.3
矛,47.23
挡,47.11
廊,47.01
陌,47
缝,47
阔,47
丑,46.94
妮,46.93
轰,46.92
拆,46.88
棉,46.79
芬,46.77
怖,46.74
贯,46.56
赤,46.29
扯,46.23
抚,46.12
寸,46.1
诊,46.09
抖,45.97
吕,45.92
垂,45.84
堪,45.8
漠,45.75
捷,45.73
臂,45.6
赔,45.56
劫,45.42
欠,45.22
杭,45.18
棋,45.08
翰,45.06
贪,45.01
滨,45.01
渴,44.94
贷,44.91
浩,44.88
汪,44.87
牧,44.83
膀,44.77
茫,44.68
诱,44.66
慈,44.61
碍,44.59
夸,44.5
柱,44.46
蜜,44.46
仇,44.43
啤,44.43
糟,44.36
趋,44.3
嗯,44.25
挖,44.23
喷,44.2
巾,44.12
苗,44.06
哼,43.99
愁,43.91
浑,43.85
琳,43.84
债,43.83
唤,43.81
迈,43.79
勃,43.78
殿,43.78
朴,43.78
夕,43.71
斜,43.71
羞,43.56
炉,43.43
惧,43.42
储,43.4
灌,43.13
墓,43.12
薪,43.12
赌,43.11
抹,43.04
巡,43.04
胶,43.02
穆,42.99
尿,42.97
掏,42.97
舌,42.95
娇,42.92
裙,42.69
呈,42.48
芝,42.41
唉,42.38
悬,42.38
姚,42.38
挨,42.36
奸,42.31
乙,42.29
瞬,42.28
盆,42.14
胎,42.14
睁,42.13
浴,42.05
咨,42.01
煤,42.01
宪,41.99
剪,41.93
抛,41.92
踢,41.92
肠,41.88
筹,41.79
寓,41.68
忌,41.6
绘,41.56
抄,41.54
缠,41.48
胞,41.44
糕,41.42
乖,41.41
吊,41.4
滩,41.31
亭,41.28
撑,41.25
孕,41.23
凑,40.89
署,40.86
魏,40.82
杆,40.82
拐,40.77
删,40.76
驱,40.74
豫,40.73
阁,40.56
耗,40.55
垃,40.52
憾,40.5
姻,40.46
溪,40.44
贼,40.43
盈,40.42
圾,40.37
脉,40.36
逢,40.29
淋,40.24
萍,40.18
衫,40.17
贤,40.14
鸭,40.13
翠,40.09
舅,40.03
舟,39.98
痕,39.96
轨,39.87
潘,39.85
伪,39.85
砖,39.72
妆,39.71
祸,39.7
恒,39.5
弥,39.43
勾,39.41
蛮,39.38
抑,39.37
胃,39.35
叙,39.32
覆,39.29
纠,39.26
狐,39.23
霞,39.18
扇,39.12
歉,39.11
漏,39.05
账,39.04
兽,38.9
泳,38.88
遵,38.86
笼,38.8
辽,38.79
毅,38.72
堵,38.69
割,38.59
霍,38.59
斑,38.58
铜,38.52
昂,38.51
姜,38.35
盼,38.22
痴,38.16
券,38.13
丛,38.13
箭,38.12
摔,38.11
旺,38.07
衬,38.02
柴,37.95
疆,37.93
浦,37.9
愉,37.87
澡,37.87
虹,37.83
绵,37.64
吞,37.62
撤,37.52
袁,37.48
腹,37.41
霸,37.38
盐,37.38
洒,37.34
巷,37.31
蔡,37.28
齿,37.24
嘻,37.24
奴,37.2
帕,37.2
谊,37.03
笨,37
岳,36.95
颤,36.9
碟,36.84
逻,36.83
辱,36.81
瞪,36.81
绑,36.77
鹏,36.7
晰,36.65
侠,36.62
携,36.54
陵,36.52
脖,36.5
暑,36.47
仓,36.46
蛇,36.43
腔,36.42
煮,36.36
桶,36.33
宴,36.19
厢,36.07
魅,35.96
捧,35.93
冻,35.88
谱,35.82
慎,35.76
披,35.69
翔,35.69
牲,35.57
皱,35.54
廉,35.53
卓,35.46
纹,35.46
喘,35.34
彭,35.33
胁,35.28
兔,35.28
惟,35.2
猴,35.11
柯,35.1
涯,35.05
寞,35.05
逝,35.03
械,34.93
惹,34.9
哇,34.84
鸿,34.76
妖,34.69
孝,34.61
碧,34.58
颠,34.57
碑,34.51
湘,34.47
趁,34.42
骚,34.4
浏,34.39
蝶,34.38
戈,34.34
徽,34.21
疏,34.21
岭,34.18
筒,34.17
歪,34.16
郊,34.04
兹,34.01
捉,33.94
砸,33.8
裸,33.79
泄,33.77
辨,33.7
趟,33.7
锐,33.69
匹,33.56
韵,33.53
愣,33.52
葡,33.38
吾,33.28
姥,33.24
驰,33.09
淫,33.03
猎,33.03
庞,33
瑰,32.98
劣,32.87
绳,32.84
廷,32.81
玫,32.79
御,32.74
剂,32.69
哄,32.69
恭,32.68
疫,32.6
循,32.53
肌,32.46
罩,32.44
慨,32.33
匙,32.25
讶,32.04
宠,32
薇,32
卜,31.99
贩,31.94
苹,31.93
催,31.88
谨,31.86
坊,31.85
侦,31.78
誓,31.74
怡,31.74
翁,31.67
岂,31.67
晋,31.66
吟,31.63
婴,31.6
棍,31.59
踩,31.58
腊,31.56
颖,31.55
叠,31.53
嫩,31.43
戚,31.42
骄,31.4
吁,31.38
拘,31.32
葬,31.3
歇,31.29
寝,31.24
斋,31.22
愧,31.18
淘,31.15
萄,31.11
遮,31.08
棵,31.07
葛,31.06
僧,31.05
泊,31
谅,30.97
雇,30.94
钥,30.93
坑,30.92
晒,30.89
谎,30.88
粒,30.81
漆,30.73
谜,30.66
刹,30.64
蓉,30.63
爵,30.63
衰,30.61
磁,30.6
闯,30.53
盲,30.44
枕,30.42
锻,30.33
框,30.33
斥,30.32
衷,30.27
沃,30.18
卑,30.18
泼,30.17
逆,30.15
窃,30.15
叉,30.12
羡,30.11
筋,30.11
拓,30.04
拦,29.99
愚,29.97
嗓,29.93
栋,29.9
娟,29.86
脾,29.75
庸,29.71
卿,29.69
峡,29.59
赋,29.53
裹,29.46
逗,29.44
玄,29.4
谐,29.38
涵,29.36
妥,29.34
塘,29.27
灿,29.12
崔,29.03
肝,28.97
役,28.92
刮,28.86
谦,28.79
蹲,28.78
枯,28.77
茂,28.74
肿,28.69
汁,28.67
瞎,28.67
铭,28.65
耻,28.61
渠,28.55
纲,28.39
罐,28.36
咽,28.34
扁,28.33
涓,28.24
逸,28.22
嫂,28.22
辰,28.19
婷,28.18
熬,28.17
淑,28.11
勉,27.98
挽,27.98
舰,27.8
嚷,27.77
枚,27.73
裕,27.72
狮,27.67
匪,27.62
纱,27.57
媳,27.54
捡,27.46
砍,27.44
撕,27.39
剥,27.32
韦,27.29
媚,27.28
帘,27.27
甩,27.26
雀,27.25
蓄,27.25
蹈,27.24
斌,27.22
寨,27.19
兜,27.19
牺,27.15
轿,27.13
沾,27.13
跪,27.1
冤,27.04
粹,27
胳,26.96
煌,26.94
乾,26.92
熙,26.86
矮,26.85
帆,26.84
丘,26.83
儒,26.8
仗,26.77
膊,26.74
逊,26.73
虾,26.66
脂,26.64
泣,26.63
遂,26.63
仲,26.61
咪,26.6
捏,26.52
尬,26.51
尴,26.49
耍,26.49
叛,26.46
鹰,26.31
纤,26.31
侍,26.26
娶,26.2
伐,26.14
殖,26.13
祭,26.09
兑,26.08
喻,26.05
妨,26.04
鹅,26.02
蒸,25.96
吼,25.95
酬,25.86
肺,25.81
咸,25.81
囊,25.8
颁,25.76
契,25.73
壳,25.71
哩,25.69
陕,25.59
傍,25.57
霜,25.57
瑟,25.49
屠,25.47
哗,25.45
旨,25.44
浸,25.4
碌,25.38
渔,25.37
垫,25.32
吨,25.29
藤,25.24
伞,25.19
哟,25.18
歧,25.17
遣,25.16
邱,25.12
馨,25.12
咕,25.01
哑,24.93
裔,24.89
莹,24.81
薛,24.73
宙,24.71
蕾,24.69
昭,24.63
腻,24.63
倦,24.59
禅,24.5
窄,24.49
畏,24.49
侣,24.46
矩,24.46
酱,24.46
纺,24.45
珊,24.44
弦,24.4
诵,24.39
蜂,24.33
函,24.29
衔,24.29
削,24.25
芒,24.15
瓷,24.09
茅,24.08
塌,24.08
咳,24
墅,24
喇,23.93
凳,23.93
雁,23.87
鲍,23.81
驴,23.8
沫,23.8
锡,23.78
菊,23.76
鹿,23.75
祈,23.72
噢,23.67
淀,23.66
攀,23.66
殷,23.6
锛,23.6
挪,23.58
倩,23.56
琪,23.44
棚,23.42
兆,23.4
翅,23.39
壶,23.37
淮,23.37
茨,23.33
倡,23.31
顽,23.26
膜,23.16
咋,23
癌,22.98
仆,22.89
勿,22.88
匠,22.87
嘲,22.79
呜,22.79
钉,22.78
喉,22.75
饥,22.75
烫,22.7
渊,22.67
搂,22.66
侨,22.64
溢,22.58
颈,22.5
躁,22.45
龟,22.44
凄,22.36
萝,22.36
鼎,22.34
沪,22.31
妞,22.29
旬,22.29
贞,22.27
寡,22.23
铅,22.17
肆,22.12
嘟,22.11
竖,22.09
叮,22.06
趴,22.05
宰,22.01
缴,22.01
粘,22
霉,21.98
履,21.97
芙,21.88
蓬,21.73
禽,21.67
秩,21.62
钓,21.62
惩,21.62
嘱,21.58
饶,21.56
奢,21.56
厘,21.56
掘,21.56
梳,21.55
椒,21.55
涩,21.53
坠,21.49
狭,21.48
罕,21.46
兮,21.44
稻,21.44
鹤,21.41
乞,21.4
侃,21.39
咯,21.36
膝,21.33
矣,21.32
恍,21.31
彬,21.31
崩,21.29
喃,21.29
樱,21.29
蠢,21.25
苑,21.23
烛,21.23
绣,21.22
耸,21.17
轩,21.13
佐,21.09
氓,21.09
亩,21
僵,20.93
妓,20.91
耕,20.71
谭,20.7
枫,20.68
梨,20.68
胀,20.66
琼,20.62
凰,20.62
蟹,20.6
逮,20.57
坪,20.47
穴,20.44
昔,20.44
赐,20.43
蜡,20.36
燥,20.31
睹,20.3
犬,20.28
撰,20.27
艇,20.25
眨,20.24
彦,20.2
橡,20.2
驳,20.16
袜,20.15
溃,20.13
竭,20.08
镑,20.04
辜,20.04
绒,20.01
粤,19.99
掀,19.98
啸,19.96
敞,19.83
潭,19.78
黛,19.68
丸,19.66
骤,19.6
蔬,19.56
姊,19.52
粥,19.52
蹦,19.5
歹,19.47
亨,19.46
冈,19.43
鸦,19.43
叨,19.38
擅,19.35
哨,19.34
诈,19.32
喧,19.31
坎,19.31
芦,19.26
鞭,19.24
氧,19.24
甸,19.23
蝴,19.21
夷,19.21
咧,19.2
坟,19.19
菌,19.14
婉,19.09
沧,19.08
靖,19.06
雯,19.05
揉,19.04
缸,19
潇,18.97
咐,18.96
弊,18.93
咒,18.91
昧,18.9
虐,18.89
陋,18.89
搏,18.86
祷,18.83
痒,18.83
钩,18.81
葱,18.76
宵,18.72
眯,18.71
搁,18.68
掠,18.68
瞒,18.64
屡,18.61
毯,18.6
菩,18.53
煎,18.5
乒,18.49
辟,18.45
搅,18.4
宛,18.35
鄙,18.32
栽,18.31
嘎,18.28
娅,18.26
甫,18.24
稚,18.16
讽,18.12
腕,18.12
呐,18.12
旭,18.06
钞,18.02
膏,17.98
谣,17.94
啪,17.92
恳,17.9
袍,17.86
妄,17.86
卦,17.85
瘾,17.85
浆,17.83
佑,17.75
耽,17.72
磊,17.63
魄,17.62
钦,17.61
屑,17.54
瑶,17.51
贱,17.51
尹,17.51
笛,17.45
肢,17.45
崖,17.44
舱,17.43
婶,17.31
俯,17.25
幢,17.24
杉,17.21
桐,17.18
靓,17.16
屯,17.13
魁,17.08
捞,17.05
滥,17.04
酿,16.9
醋,16.78
暮,16.73
堤,16.65
窜,16.59
杏,16.59
絮,16.59
挫,16.54
惶,16.54
彪,16.47
巫,16.47
沸,16.44
叭,16.41
巩,16.36
壤,16.33
琢,16.28
脊,16.24
篷,16.21
弓,16.21
颂,16.19
拎,16.16
旷,16.16
坤,16.13
株,16.02
邵,16.01
蔽,15.95
卸,15.94
隶,15.93
妃,15.9
颊,15.89
辖,15.89
茵,15.86
扒,15.86
舆,15.83
螺,15.82
焰,15.81
筷,15.81
郝,15.8
峻,15.72
浜,15.72
妒,15.71
怯,15.7
撼,15.69
斩,15.68
蚊,15.67
楠,15.67
渗,15.64
躯,15.64
吱,15.55
陀,15.53
梭,15.49
澄,15.45
琐,15.43
仑,15.41
茹,15.4
芯,15.37
喔,15.35
豹,15.34
讼,15.34
惫,15.33
岚,15.33
嗦,15.28
畜,15.28
煞,15.24
堕,15.23
滞,15.23
揣,15.19
捂,15.15
耿,15.15
拽,15.06
嚼,15.05
摧,15.01
秃,15.01
匿,15
朔,14.98
驼,14.93
憋,14.93
荆,14.91
萌,14.89
畔,14.85
焉,14.85
捣,14.84
芽,14.83
滔,14.82
淹,14.74
熏,14.68
朦,14.67
骆,14.66
贬,14.65
拢,14.63
瑜,14.58
桩,14.56
芭,14.56
捆,14.49
稣,14.49
艘,14.44
饺,14.41
藉,14.41
蕴,14.4
曝,14.39
弘,14.39
揪,14.39
坝,14.38
咚,14.36
荫,14.36
爪,14.34
诀,14.34
焚,14.32
冥,14.32
俏,14.28
粪,14.27
烁,14.26
蚁,14.26
尉,14.2
瞅,14.17
枣,14.1
浇,14.09
稽,14.07
橱,14.06
郡,14.06
钧,14.03
眸,13.97
擎,13.95
詹,13.93
乓,13.88
敖,13.88
拌,13.83
拱,13.83
倪,13.79
哉,13.72
溶,13.7
垮,13.67
剖,13.66
胧,13.61
姬,13.61
囚,13.58
悼,13.58
狸,13.57
茄,13.56
炫,13.54
屎,13.54
佣,13.53
僻,13.52
芸,13.5
翘,13.49
劈,13.49
槽,13.48
隙,13.47
俭,13.46
澜,13.44
彤,13.4
轴,13.39
怔,13.38
喀,13.38
铸,13.38
嚣,13.37
钮,13.36
巢,13.36
裳,13.34
炭,13.33
扛,13.31
倚,13.3
沦,13.24
栗,13.23
馈,13.21
衍,13.18
阎,13.13
拂,13.1
撇,13.09
绸,13.07
杖,13.07
灶,13.05
淌,13.04
觅,13.03
攒,13.01
噪,12.99
蚂,12.97
嫉,12.97
熄,12.97
瞄,12.92
勺,12.91
拣,12.9
颐,12.88
厄,12.87
璇,12.86
腥,12.85
砂,12.85
鸽,12.77
倘,12.77
琦,12.76
躬,12.75
嘘,12.73
咏,12.72
勋,12.7
晖,12.7
禄,12.67
蹭,12.67
窥,12.66
盏,12.62
诧,12.59
磕,12.55
侄,12.54
俘,12.54
俞,12.53
枉,12.5
屉,12.47
瀑,12.45
蔚,12.45
窟,12.41
揽,12.36
搓,12.33
匀,12.32
掐,12.31
皓,12.28
疚,12.23
缕,12.19
崎,12.17
媛,12.17
膨,12.17
阐,12.17
馒,12.11
沛,12.06
廖,12.04
汝,12.03
聂,12.03
侮,11.99
靴,11.98
缀,11.98
苟,11.98
柄,11.95
蹄,11.94
巍,11.94
筝,11.91
斧,11.91
呕,11.89
翩,11.89
坞,11.87
惕,11.84
旱,11.83
窑,11.81
绎,11.79
拙,11.78
拯,11.77
芹,11.75
挠,11.72
汰,11.71
窍,11.69
卵,11.62
淇,11.6
瘫,11.6
奕,11.6
肾,11.59
凸,11.57
豁,11.55
酥,11.55
彰,11.53
垒,11.52
狄,11.51
恤,11.5
裴,11.49
剔,11.48
漓,11.48
陡,11.47
戳,11.45
簿,11.45
绅,11.44
噜,11.43
侈,11.43
毙,11.42
抒,11.41
蔑,11.4
麟,11.38
莺,11.38
绷,11.37
讳,11.37
棺,11.36
沮,11.36
谍,11.34
茜,11.34
饲,11.33
诡,11.32
喽,11.32
楞,11.3
募,11.28
奎,11.27
暇,11.27
瞥,11.24
蔓,11.21
敛,11.2
蝇,11.19
丙,11.19
渺,11.18
譬,11.18
嘀,11.14
蒲,11.14
庐,11.14
蛙,11.14
髦,11.11
缅,11.11
炳,11.07
寥,11.07
孜,11.05
吭,11.03
丐,11.02
贿,11.01
瘤,11.01
栈,11.01
吩,11
卒,10.99
惭,10.98
涅,10.97
洽,10.95
烘,10.95
叽,10.94
聋,10.94
皂,10.91
澈,10.89
寅,10.88
焕,10.86
吏,10.85
镶,10.85
朽,10.84
拧,10.84
薯,10.82
涕,10.82
奠,10.81
顷,10.8
渣,10.77
眶,10.75
瓣,10.75
挚,10.74
襟,10.73
啼,10.73
楷,10.73
匈,10.68
锤,10.65
蒜,10.65
鞠,10.63
馅,10.63
骏,10.61
寇,10.6
肇,10.6
鳞,10.57
檐,10.55
棕,10.52
逍,10.52
蕉,10.49
嗡,10.46
嗽,10.46
啃,10.43
殴,10.42
黯,10.42
辫,10.41
禾,10.39
汹,10.38
绽,10.37
刃,10.37
逾,10.35
莞,10.35
阮,10.32
岔,10.32
鞍,10.31
嵌,10.29
菇,10.23
疤,10.21
噩,10.21
乍,10.14
秉,10.14
崭,10.14
锣,10.13
垄,10.13
僚,10.12
眷,10.12
霖,10.12
佬,10.11
唠,10.11
泻,10.1
懈,10.09
簸,10.08
敷,10.07
狡,10.06
橙,10.05
绰,10.01
蛛,10
灼,9.95
谴,9.95
哆,9.93
蜀,9.93
溅,9.93
鑫,9.92
邹,9.87
萎,9.86
菁,9.86
橘,9.83
凹,9.8
聆,9.8
咙,9.78
浊,9.78
闸,9.78
炕,9.77
禹,9.76
铐,9.75
槛,9.71
杠,9.7
唧,9.64
猩,9.63
滤,9.62
瞻,9.61
伺,9.56
仕,9.55
醇,9.54
墩,9.54
蚀,9.52
嗅,9.51
惚,9.51
缚,9.51
沐,9.51
渝,9.5
矶,9.49
腺,9.44
勘,9.44
徊,9.43
娥,9.43
牡,9.4
舔,9.4
菱,9.4
祠,9.4
蹬,9.38
嗨,9.37
棠,9.34
湛,9.34
璧,9.33
庚,9.33
闺,9.33
呻,9.31
隧,9.3
髓,9.3
栖,9.29
昼,9.28
漾,9.27
桔,9.27
剃,9.25
辐,9.24
浣,9.2
烹,9.16
徘,9.14
嘶,9.12
梵,9.11
迭,9.09
兢,9.08
唔,9.07
祺,9.07
砰,9.07
捅,9.04
嬉,9.01
倔,9.01
栅,9.01
霓,8.99
葫,8.99
幺,8.96
厮,8.9
绞,8.89
柿,8.88
梧,8.88
韧,8.88
帜,8.86
铲,8.85
尧,8.85
冀,8.84
竿,8.83
骇,8.82
槐,8.82
谬,8.78
隋,8.77
廓,8.75
虞,8.75
榕,8.73
浠,8.72
靡,8.72
镖,8.72
慷,8.7
喳,8.7
糙,8.69
婿,8.69
掷,8.69
肪,8.67
榴,8.67
恕,8.67
凿,8.66
疮,8.66
褐,8.64
崛,8.64
颓,8.63
襄,8.62
葵,8.62
龚,8.59
矫,8.59
膛,8.58
攘,8.58
晤,8.55
磅,8.55
虔,8.54
雍,8.51
唾,8.5
冶,8.48
锈,8.47
伶,8.45
茎,8.45
煽,8.45
冉,8.44
闽,8.43
臀,8.41
矢,8.4
迄,8.34
穗,8.31
苔,8.31
晌,8.3
炖,8.3
萃,8.3
肴,8.29
樊,8.27
呗,8.27
暧,8.26
屿,8.26
禧,8.26
迦,8.21
砌,8.21
梢,8.21
眩,8.19
娴,8.17
哮,8.17
赎,8.16
拇,8.15
庵,8.15
憨,8.12
愕,8.11
缉,8.11
揍,8.08
怅,8.08
纬,8.07
凛,8.07
肘,8.06
刁,8.05
缆,8.04
咦,8.02
阜,8
簇,8
阀,7.99
诫,7.99
藩,7.98
璐,7.97
窦,7.97
吆,7.96
唬,7.94
呛,7.91
谛,7.91
稼,7.91
筐,7.91
辙,7.9
溥,7.89
诏,7.88
蝉,7.87
汀,7.86
埠,7.86
漱,7.81
邢,7.8
阱,7.79
溯,7.79
窒,7.79
蚕,7.78
芜,7.77
甭,7.75
笋,7.74
嫖,7.74
窘,7.74
埔,7.67
溺,7.66
嚎,7.65
拭,7.62
亢,7.61
粟,7.6
钝,7.6
辗,7.58
憧,7.58
跺,7.56
墟,7.55
扳,7.55
茉,7.54
啧,7.53
嗜,7.53
枢,7.5
眺,7.5
霄,7.5
榻,7.49
暨,7.49
曦,7.48
撩,7.47
锯,7.46
桦,7.45
赁,7.44
姗,7.44
钙,7.44
婪,7.42
淳,7.41
悍,7.38
缔,7.38
兀,7.37
隽,7.36
瞿,7.36
肮,7.36
拷,7.33
珑,7.33
苇,7.33
忏,7.32
莽,7.31
挟,7.3
撮,7.29
睫,7.29
榄,7.26
蓓,7.25
杩,7.24
悯,7.23
沁,7.22
碳,7.22
痰,7.22
虏,7.21
鸥,7.17
呃,7.15
疙,7.15
憬,7.15
搀,7.14
榆,7.12
琅,7.12
烙,7.11
憎,7.11
跋,7.09
衙,7.07
澶,7.07
瘩,7.07
孽,7.07
茬,7.06
畴,7.04
绊,7.03
洼,6.99
癫,6.98
涔,6.97
棘,6.97
卉,6.96
懊,6.95
腮,6.95
斟,6.94
炊,6.94
遏,6.94
癖,6.94
盔,6.93
槟,6.92
脯,6.91
椎,6.9
铝,6.89
秽,6.89
嫣,6.89
妾,6.88
沥,6.88
牟,6.88
袱,6.87
擒,6.87
娄,6.87
恬,6.86
驹,6.85
绢,6.85
褪,6.85
苛,6.84
梗,6.83
椰,6.83
嗒,6.81
荔,6.81
蔼,6.8
滇,6.8
弧,6.8
叁,6.78
妍,6.76
彷,6.76
沼,6.76
鸳,6.75
寰,6.74
伽,6.74
悴,6.73
筛,6.73
掺,6.71
峨,6.71
昵,6.7
绚,6.7
笃,6.7
泌,6.68
橄,6.67
霆,6.67
夭,6.67
怠,6.65
缪,6.64
臻,6.63
鹃,6.63
庇,6.63
踱,6.62
憔,6.61
捍,6.6
俐,6.6
扼,6.58
叩,6.58
讥,6.57
缭,6.57
诬,6.56
漉,6.56
袅,6.56
猿,6.55
哧,6.53
瞩,6.52
蜘,6.51
祀,6.51
蝎,6.5
涮,6.5
肋,6.5
惦,6.49
惬,6.48
狈,6.46
荧,6.43
袄,6.42
厥,6.42
炯,6.42
懵,6.41
棱,6.41
咔,6.4
磋,6.4
嘈,6.39
斐,6.39
晦,6.39
趾,6.35
讪,6.35
呱,6.35
晾,6.34
蕊,6.31
蕙,6.31
吝,6.3
酌,6.3
驿,6.28
睬,6.27
睿,6.26
刨,6.26
睦,6.25
蓦,6.25
馍,6.25
秤,6.24
煲,6.23
滕,6.2
鼾,6.2
钗,6.19
惺,6.18
涡,6.18
祁,6.17
疹,6.17
诠,6.17
琉,6.16
昊,6.15
哽,6.14
甄,6.14
掰,6.11
绯,6.09
戎,6.09
佟,6.08
鸯,6.07
邑,6.07
柬,6.07
峭,6.07
犁,6.06
懦,6.05
戊,6.05
硫,6.05
蘑,6.04
哒,6.04
睐,6.04
赃,6
澎,6
曙,5.99
馋,5.99
沽,5.98
裘,5.97
诲,5.96
亥,5.95
忿,5.95
氨,5.95
拴,5.94
瞟,5.94
膳,5.93
娼,5.92
赦,5.91
梓,5.91
莓,5.9
笠,5.89
靳,5.89
驯,5.89
箕,5.89
穹,5.89
丞,5.87
惰,5.86
褥,5.85
韶,5.85
酪,5.83
痞,5.83
瀛,5.82
榨,5.82
踹,5.81
玮,5.8
犀,5.78
俨,5.78
羁,5.78
涟,5.78
挎,5.78
咀,5.77
逞,5.76
涤,5.76
筱,5.75
匣,5.73
篱,5.73
汕,5.73
螃,5.72
缎,5.71
荤,5.71
坷,5.7
窖,5.7
灏,5.69
腑,5.69
颅,5.68
蔷,5.68
缤,5.68
偎,5.66
痘,5.64
酣,5.64
叼,5.63
簧,5.63
诅,5.61
褂,5.61
酝,5.6
抿,5.59
樵,5.59
攥,5.59
熔,5.57
嚓,5.56
瑙,5.56
崽,5.56
鄂,5.55
舵,5.55
柠,5.53
瑕,5.53
栓,5.53
蛤,5.52
猾,5.52
卤,5.52
毋,5.52
芊,5.51
捶,5.51
屹,5.49
漪,5.49
飙,5.48
曳,5.48
篡,5.48
抠,5.47
秧,5.46
笙,5.45
寐,5.44
羚,5.44
珀,5.42
札,5.41
馀,5.41
昕,5.4
跤,5.4
琛,5.4
鳄,5.38
遐,5.38
檀,5.37
瞳,5.37
渍,5.36
氢,5.36
恺,5.35
硅,5.35
盎,5.34
垢,5.32
喋,5.32
谤,5.3
茸,5.28
梆,5.28
鹦,5.28
阪,5.27
炬,5.27
菠,5.27
褒,5.26
翟,5.26
绮,5.25
闵,5.24
硝,5.24
镐,5.22
羲,5.22
陛,5.21
炽,5.21
捎,5.2
妩,5.2
樟,5.2
嗤,5.17
摹,5.17
腆,5.17
嗣,5.17
囔,5.15
晏,5.15
镞,5.14
茗,5.14
迢,5.13
鹉,5.12
蜷,5.11
砚,5.11
骞,5.11
碱,5.1
礁,5.1
奄,5.1
亵,5.09
藻,5.08
廿,5.08
瓢,5.07
侬,5.07
辄,5.07
雏,5.07
惋,5.07
芥,5.05
檬,5.05
庶,5.04
辍,5.04
町,5.04
雌,5.04
拚,5.02
绥,5.02
蜗,5.02
惘,5
匾,4.99
矜,4.97
锄,4.97
钳,4.96
螂,4.96
舜,4.95
嗔,4.95
芋,4.95
璋,4.94
瘪,4.94
伎,4.94
禀,4.94
羹,4.93
娓,4.92
鬓,4.92
祟,4.9
骡,4.89
惮,4.88
濒,4.88
忡,4.88
冕,4.87
孰,4.86
卞,4.86
汩,4.86
烨,4.84
粱,4.84
禺,4.83
卯,4.82
歼,4.82
釜,4.81
凋,4.81
隘,4.8
瑾,4.79
匡,4.79
黝,4.79
恪,4.79
甥,4.78
桓,4.77
翡,4.76
酋,4.76
咎,4.76
畸,4.75
鹊,4.75
悸,4.74
炙,4.74
忑,4.74
帷,4.74
栩,4.73
瑚,4.73
铮,4.72
萤,4.72
悻,4.71
剿,4.71
瑛,4.71
侥,4.7
霎,4.7
镀,4.7
忐,4.7
腌,4.69
阑,4.68
噬,4.67
藕,4.67
彝,4.66
垦,4.65
黏,4.65
痪,4.65
迸,4.64
哺,4.63
衅,4.62
濂,4.61
宸,4.61
怦,4.6
冢,4.6
紊,4.6
嗬,4.6
蝠,4.59
岑,4.57
竣,4.55
殉,4.55
惆,4.55
喵,4.55
撬,4.55
琶,4.55
碾,4.54
瀚,4.54
扉,4.53
噗,4.52
朕,4.52
殡,4.51
轧,4.51
铎,4.51
瞌,4.51
汲,4.5
沌,4.5
蹋,4.49
赘,4.49
倏,4.49
瘟,4.48
诽,4.48
萼,4.48
鲨,4.47
婧,4.47
婕,4.46
拗,4.46
韬,4.46
锥,4.46
巳,4.45
杞,4.44
弛,4.44
觑,4.43
徵,4.43
锲,4.43
渲,4.43
瘸,4.43
悚,4.41
贮,4.41
峙,4.41
掂,4.41
慑,4.4
濡,4.4
贻,4.4
酵,4.39
搔,4.39
阙,4.39
徙,4.38
腼,4.38
奚,4.37
咄,4.36
糯,4.36
籽,4.35
渎,4.34
瀹,4.34
暄,4.34
毡,4.33
跷,4.32
擂,4.32
巅,4.32
俑,4.32
蝙,4.32
圭,4.32
舶,4.31
蘸,4.29
逅,4.29
辘,4.29
炜,4.28
诛,4.28
沓,4.27
悖,4.25
淆,4.25
讷,4.25
噎,4.25
狞,4.25
涧,4.24
哝,4.24
堰,4.24
摞,4.24
邂,4.23
踊,4.23
汾,4.22
匕,4.22
蜒,4.22
磷,4.22
殃,4.21
萦,4.21
潢,4.21
蚌,4.21
苯,4.21
籁,4.21
琵,4.21
潲,4.2
猖,4.2
茧,4.2
稠,4.2
萱,4.2
谕,4.2
帚,4.18
鲤,4.18
莘,4.18
绛,4.18
弈,4.17
蕃,4.17
铛,4.16
漩,4.15
熠,4.15
唆,4.15
踉,4.14
嗷,4.13
泸,4.13
撅,4.12
殆,4.12
蜓,4.11
羔,4.1
箫,4.1
钵,4.08
垣,4.08
邃,4.08
黔,4.07
浒,4.07
隅,4.07
镯,4.07
笺,4.07
飓,4.06
跄,4.06
猥,4.06
遛,4.05
呸,4.05
霹,4.04
麓,4.04
峦,4.04
豚,4.03
撂,4.03
驭,4.03
剁,4.03
蟆,4.02
瞰,4.01
蜿,4.01
芷,4.01
婊,4
躇,3.99
遁,3.98
鲸,3.97
骸,3.97
辕,3.96
粽,3.96
烽,3.95
缮,3.95
湃,3.94
岖,3.94
酉,3.94
踌,3.93
蜻,3.92
毗,3.92
煜,3.91
邯,3.91
佼,3.91
峪,3.9
迂,3.9
蹑,3.9
脐,3.89
吮,3.89
雳,3.89
曜,3.87
靶,3.87
濮,3.87
邸,3.86
篓,3.86
咆,3.86
涎,3.86
荟,3.85
赂,3.85
匮,3.84
麒,3.83
冽,3.83
淤,3.82
纂,3.82
矗,3.82
睽,3.81
皙,3.81
驮,3.81
壬,3.8
抉,3.79
赣,3.79
嗖,3.77
蹿,3.77
啬,3.76
诣,3.76
蠕,3.76
泵,3.76
戛,3.74
焊,3.74
癸,3.74
婢,3.73
潺,3.72
佘,3.72
渥,3.71
潦,3.69
诃,3.69
囱,3.68
戌,3.68
孚,3.68
啄,3.68
玺,3.68
翌,3.68
纶,3.67
痊,3.67
迥,3.66
陇,3.66
鳖,3.65
谧,3.65
谏,3.65
崴,3.65
钰,3.64
仨,3.64
拈,3.64
圃,3.64
饵,3.63
毓,3.62
汶,3.62
熨,3.6
髅,3.59
蔗,3.58
唏,3.57
姣,3.57
踵,3.57
渭,3.57
戮,3.57
寮,3.56
淼,3.56
吠,3.56
箍,3.54
耘,3.54
囡,3.53
娑,3.52
偌,3.52
痹,3.52
缁,3.5
嚏,3.5
蹊,3.49
抡,3.49
骷,3.49
轶,3.49
楣,3.48
郸,3.47
唰,3.47
捺,3.46
癞,3.44
醺,3.44
荼,3.44
癣,3.44
嵩,3.43
祯,3.43
皖,3.42
谚,3.42
桨,3.42
苞,3.41
恃,3.4
榭,3.4
薰,3.39
伫,3.39
忱,3.39
箩,3.38
咫,3.38
撵,3.38
宦,3.38
搐,3.36
拄,3.35
帛,3.35
淅,3.35
蟑,3.35
胯,3.34
狙,3.33
噼,3.33
裆,3.33
揖,3.33
嫔,3.32
苓,3.32
蜕,3.32
沱,3.32
呦,3.32
燎,3.32
氯,3.31
馄,3.31
咣,3.31
娆,3.3
锺,3.3
佯,3.3
饨,3.29
泞,3.29
幌,3.29
羌,3.28
饪,3.28
徨,3.28
泾,3.28
沂,3.27
忖,3.27
倭,3.27
啜,3.27
褶,3.27
簌,3.26
皑,3.26
剌,3.26
猝,3.26
肛,3.25
斓,3.25
叱,3.25
篆,3.25
靛,3.25
岐,3.25
恁,3.25
窿,3.24
娩,3.23
弼,3.23
闾,3.23
忒,3.22
竺,3.21
筠,3.2
盹,3.2
绫,3.2
锵,3.19
脓,3.18
桢,3.17
霏,3.17
珂,3.17
蟀,3.16
磐,3.16
疵,3.16
坯,3.16
骋,3.15
摁,3.13
腋,3.12
镣,3.11
铡,3.11
憩,3.11
慵,3.1
纫,3.1
坂,3.1
璀,3.1
蛾,3.09
骥,3.09
嬷,3.09
闫,3.09
姝,3.09
垛,3.08
谙,3.08
钊,3.08
抨,3.06
傣,3.05
臆,3.05
珈,3.04
烬,3.04
偕,3.04
喏,3.03
鹭,3.03
锚,3.03
搪,3.02
镌,3.01
恣,3.01
筏,3.01
楮,3.01
踞,2.99
讹,2.99
蛊,2.99
冗,2.99
懿,2.98
袒,2.98
塾,2.97
镰,2.96
韭,2.96
荪,2.95
踝,2.94
泯,2.92
蚤,2.92
醛,2.92
敝,2.92
痉,2.92
镓,2.92
胥,2.92
壕,2.91
噶,2.9
捻,2.9
帧,2.9
糜,2.9
渤,2.9
舀,2.9
跚,2.9
貂,2.89
谆,2.89
狰,2.88
峥,2.87
氲,2.87
蹇,2.87
咂,2.87
胭,2.86
晟,2.85
恙,2.85
缈,2.85
笆,2.85
咿,2.84
昙,2.84
篝,2.84
鸠,2.84
掖,2.83
壑,2.83
粑,2.83
壹,2.83
椿,2.83
亟,2.81
蹙,2.81
覃,2.81
鱿,2.81
揩,2.81
漳,2.81
椭,2.8
媲,2.8
膺,2.8
蹒,2.8
烩,2.8
瓮,2.79
夥,2.79
臧,2.78
荀,2.78
淄,2.78
啷,2.78
谒,2.77
筵,2.77
惴,2.77
怂,2.76
嗲,2.76
芩,2.76
飒,2.76
臊,2.76
葆,2.75
咛,2.75
蟋,2.75
嗝,2.75
泱,2.74
飕,2.72
狩,2.72
酗,2.72
胚,2.72
掬,2.72
蹂,2.72
锷,2.72
弩,2.71
坍,2.71
铿,2.71
璞,2.7
洱,2.69
褚,2.69
孵,2.69
髻,2.69
娣,2.68
瞠,2.68
嗑,2.68
亘,2.68
鳌,2.68
耷,2.68
榈,2.67
嗳,2.67
孺,2.67
溉,2.67
缥,2.67
仄,2.67
翊,2.66
滢,2.66
躏,2.66
璨,2.66
岱,2.65
叟,2.65
耙,2.64
嫦,2.63
豌,2.63
擞,2.62
灸,2.61
胰,2.59
榔,2.59
甬,2.59
捋,2.59
枷,2.59
痣,2.57
皈,2.57
鬟,2.57
挛,2.56
杈,2.56
跻,2.56
锹,2.55
棣,2.55
噔,2.54
浼,2.54
缨,2.53
绉,2.53
琥,2.53
轼,2.52
盅,2.52
蝗,2.52
恿,2.52
釉,2.52
缄,2.51
雹,2.51
窈,2.5
榛,2.5
舷,2.49
扈,2.49
纨,2.49
啕,2.49
涸,2.48
柚,2.48
鸾,2.48
埚,2.47
眈,2.47
爻,2.46
蝈,2.46
疡,2.46
娌,2.46
皎,2.45
枭,2.45
牦,2.45
娲,2.44
蓟,2.43
霾,2.43
捱,2.43
泓,2.42
砾,2.42
杳,2.42
瑗,2.41
霭,2.41
焖,2.41
锭,2.4
阂,2.4
稷,2.4
剽,2.39
龌,2.38
窕,2.38
闳,2.38
怆,2.38
攸,2.38
跛,2.37
糠,2.37
俚,2.37
佃,2.37
旌,2.36
歆,2.36
镊,2.36
祛,2.36
楂,2.35
粼,2.35
敕,2.35
沏,2.35
虱,2.34
埂,2.34
蟒,2.33
骼,2.33
甯,2.33
戍,2.32
龊,2.32
恻,2.32
佚,2.31
垠,2.31
璁,2.31
蹩,2.31
酶,2.31
蔫,2.31
纣,2.3
谩,2.3
馁,2.3
谑,2.29
缰,2.29
蛰,2.29
嘭,2.29
婵,2.28
骅,2.28
翎,2.28
幡,2.27
诙,2.27
羯,2.27
嗟,2.27
皿,2.27
浚,2.26
煦,2.26
邋,2.26
鞘,2.26
邝,2.25
犊,2.25
蚓,2.25
喱,2.25
砺,2.24
佰,2.23
罹,2.23
痔,2.23
搽,2.23
泗,2.23
跆,2.23
潍,2.23
舫,2.23
搡,2.23
ㄥ,2.22
踮,2.21
蚯,2.21
蟠,2.21
鳗,2.2
掇,2.2
呷,2.2
掸,2.2
氮,2.2
蛐,2.19
缇,2.19
碉,2.19
锌,2.19
阖,2.19
黠,2.18
阉,2.18
赡,2.18
霁,2.18
柑,2.18
伢,2.17
獗,2.17
纭,2.17
掳,2.17
隍,2.17
哐,2.16
簪,2.16
蛟,2.16
闰,2.14
潼,2.14
琏,2.14
裱,2.14
邬,2.14
颔,2.14
冼,2.14
掣,2.14
蟾,2.14
唷,2.13
诩,2.13
栾,2.12
熹,2.11
偃,2.11
钾,2.11
荻,2.1
皋,2.1
胤,2.1
饽,2.09
晔,2.09
诋,2.09
匝,2.09
碴,2.09
渚,2.09
ㄨ,2.08
遢,2.08
荃,2.08
槌,2.07
夯,2.07
懋,2.07
宕,2.07
烯,2.07
袂,2.06
闱,2.05
陨,2.05
锢,2.05
呓,2.04
湄,2.04
饷,2.03
摒,2.03
嚅,2.02
蛀,2.02
堇,2.01
桅,2.01
螳,2.01
衩,2.01
荨,2
褛,1.99
坨,1.98
扪,1.98
绂,1.98
牒,1.98
犷,1.97
璜,1.97
栀,1.97
噙,1.97
诘,1.97
蒿,1.96
玷,1.96
赈,1.96
嵘,1.95
饯,1.95
茁,1.95
铢,1.94
拮,1.94
秸,1.94
诶,1.94
蜈,1.94
魇,1.93
沅,1.93
呲,1.93
礴,1.93
牍,1.92
苒,1.92
汴,1.92
琰,1.92
祚,1.92
逵,1.92
衮,1.92
菡,1.92
笈,1.91
妊,1.91
盂,1.89
睾,1.89
瘠,1.89
攫,1.89
翱,1.88
箴,1.88
恸,1.87
鲫,1.87
镙,1.87
芮,1.87
愠,1.87
湮,1.87
焱,1.86
刽,1.86
氟,1.86
弋,1.86
婀,1.86
飚,1.86
啾,1.85
玟,1.85
怏,1.85
瘁,1.85
罡,1.85
铉,1.84
猬,1.84
偈,1.84
臃,1.84
嫡,1.84
嘹,1.84
汛,1.83
鹫,1.83
咻,1.83
睨,1.82
衲,1.82
桀,1.82
秆,1.81
彗,1.81
氩,1.81
夙,1.81
臾,1.81
侗,1.81
杵,1.8
涣,1.79
娠,1.79
昀,1.79
鲲,1.79
罂,1.79
颍,1.78
椤,1.78
萸,1.77
徉,1.77
嘤,1.77
嗫,1.77
姘,1.77
桴,1.77
鳝,1.77
馥,1.77
湍,1.76
蚱,1.76
愫,1.76
挝,1.76
镂,1.76
戟,1.75
贰,1.75
娉,1.75
钠,1.75
噘,1.75
炀,1.74
俾,1.73
骁,1.73
珞,1.73
龛,1.73
胺,1.73
藐,1.72
颦,1.72
赊,1.72
稞,1.72
晁,1.71
徜,1.71
啐,1.71
怵,1.7
绾,1.7
罔,1.69
苡,1.69
臼,1.69
噤,1.69
阃,1.69
榷,1.69
孪,1.69
傀,1.68
迩,1.68
荠,1.68
糗,1.67
焘,1.67
骛,1.67
佗,1.67
搴,1.66
蜚,1.66
戾,1.65
濑,1.65
胄,1.65
忪,1.65
匍,1.64
绔,1.64
唁,1.64
楹,1.64
桧,1.64
俟,1.64
瞑,1.63
噌,1.63
俪,1.63
噱,1.62
盥,1.62
挞,1.62
睑,1.62
疣,1.62
瀵,1.61
涝,1.61
脍,1.61
阆,1.6
吒,1.6
斡,1.6
赳,1.6
淞,1.6
侏,1.6
痤,1.58
儡,1.58
腓,1.58
铀,1.58
咩,1.57
樨,1.57
㈠,1.57
饕,1.57
镒,1.57
蔻,1.57
忻,1.56
旮,1.56
轲,1.56
岌,1.56
酮,1.55
牯,1.55
祗,1.55
潞,1.55
蔺,1.55
豺,1.55
劾,1.55
孬,1.54
垭,1.54
丕,1.54
囤,1.54
漕,1.53
岷,1.53
镁,1.53
旎,1.53
枸,1.53
擀,1.53
幔,1.52
馊,1.52
郴,1.52
宓,1.52
挲,1.52
瘴,1.52
邈,1.52
匐,1.51
酯,1.51
罄,1.51
坳,1.5
蠡,1.5
迤,1.5
迳,1.49
浃,1.49
嵋,1.49
郅,1.48
珏,1.48
倌,1.48
畦,1.48
鬃,1.48
锃,1.48
淙,1.48
谄,1.48
衢,1.47
蝌,1.47
碘,1.47
奂,1.47
蛆,1.47
洌,1.46
麾,1.46
ㄦ,1.46
骰,1.45
葭,1.45
钜,1.45
靥,1.45
帔,1.45
遽,1.45
樽,1.45
腩,1.45
洙,1.45
揿,1.44
绺,1.44
褴,1.44
膘,1.44
铧,1.44
蚣,1.44
傥,1.44
蜃,1.44
荞,1.43
犟,1.43
颀,1.43
溟,1.43
揄,1.43
龇,1.43
馏,1.43
鸨,1.43
袤,1.43
趄,1.42
圩,1.42
浔,1.42
髯,1.42
滂,1.42
晗,1.41
潸,1.41
颧,1.41
鞑,1.41
嘣,1.41
谘,1.4
玳,1.4
卅,1.4
恹,1.39
澹,1.39
氤,1.39
遨,1.38
谟,1.38
橇,1.38
趔,1.38
郗,1.38
胱,1.38
痿,1.38
堑,1.38
濯,1.38
崂,1.36
殇,1.36
栉,1.36
剐,1.36
楔,1.36
徕,1.35
麝,1.35
烊,1.35
瓒,1.35
觊,1.35
嶙,1.34
仃,1.34
讫,1.34
銮,1.34
颌,1.34
妯,1.34
雉,1.33
睇,1.33
倜,1.33
旯,1.33
揶,1.33
柩,1.32
痢,1.32
蜢,1.32
龈,1.32
谗,1.32
缑,1.31
颉,1.31
瘀,1.31
蹉,1.31
腴,1.31
痫,1.31
煨,1.31
袈,1.31
湟,1.31
鳅,1.31
磺,1.3
奘,1.3
觎,1.3
蚪,1.3
裟,1.3
咤,1.3
俸,1.3
婺,1.3
妤,1.3
裨,1.3
乜,1.3
犒,1.3
砣,1.29
粕,1.29
汞,1.29
滦,1.29
蹶,1.29
聿,1.29
洵,1.29
茱,1.28
咝,1.28
餮,1.28
韫,1.27
厩,1.27
㈡,1.27
铨,1.27
珉,1.27
厝,1.27
鸵,1.26
箔,1.26
抻,1.26
诒,1.25
锏,1.25
ㄧ,1.25
猕,1.25
褰,1.25
峋,1.24
旖,1.24
訇,1.24
飨,1.24
镳,1.23
瓯,1.23
耆,1.23
绌,1.23
庥,1.22
庾,1.22
刍,1.22
滟,1.21
觐,1.21
唑,1.21
芍,1.2
碜,1.19
悭,1.19
骊,1.19
鸪,1.19
澧,1.19
叵,1.19
闩,1.19
棂,1.18
偻,1.18
尕,1.18
贲,1.18
杲,1.18
蜥,1.18
懑,1.18
吖,1.18
灞,1.17
姹,1.17
缜,1.17
囵,1.17
岫,1.17
诌,1.17
砧,1.16
孑,1.16
喟,1.16
赓,1.16
轱,1.16
妪,1.16
墉,1.15
汐,1.15
囗,1.15
颚,1.15
胫,1.15
铂,1.14
觞,1.14
酩,1.14
畿,1.14
鹑,1.14
彳,1.13
陂,1.13
酊,1.12
蓑,1.12
磬,1.12
啻,1.12
铬,1.12
铤,1.11
聒,1.11
赝,1.11
鹂,1.11
蚝,1.11
嗵,1.11
跎,1.11
攮,1.11
忾,1.1
徇,1.1
铹,1.1
鹜,1.1
佻,1.1
砥,1.1
杷,1.1
妲,1.1
谥,1.1
蜴,1.1
篾,1.1
铠,1.1
矾,1.1
褓,1.09
暹,1.09
囫,1.09
葑,1.08
稔,1.08
恂,1.08
镭,1.08
腚,1.07
嘁,1.07
莅,1.07
啖,1.07
嬴,1.07
毽,1.07
猷,1.06
蓁,1.06
缢,1.06
蚩,1.06
孀,1.06
唢,1.06
黢,1.06
歙,1.05
玖,1.05
昱,1.05
钏,1.05
砝,1.05
佝,1.05
绻,1.05
滓,1.05
饬,1.05
撸,1.04
涿,1.04
囿,1.04
帼,1.04
擢,1.04
璺,1.03
疽,1.03
陲,1.03
湫,1.03
噫,1.03
祉,1.03
鹧,1.03
噻,1.03
畲,1.02
疱,1.02
斛,1.02
珩,1.02
誊,1.01
镍,1.01
燮,1.01
殓,1.01
泷,1.01
ㄤ,1.01
呤,1.01
枇,1
黜,1
馗,1
泠,1
酚,1
摈,1
翦,0.99
恫,0.99
谲,0.99
葳,0.99
纾,0.99
玑,0.99
爿,0.99
蛎,0.98
锰,0.98
诂,0.98
艮,0.98
獭,0.98
鄱,0.98
邺,0.98
莆,0.98
谀,0.97
疟,0.97
濠,0.97
遑,0.97
犄,0.97
撷,0.97
藓,0.96
郦,0.96
苜,0.96
鸢,0.96
焙,0.96
膑,0.95
哔,0.95
琨,0.95
讣,0.95
弑,0.95
蓿,0.95
嵇,0.94
铆,0.94
诰,0.94
嶂,0.94
㈢,0.94
鹄,0.94
孱,0.94
獒,0.94
芫,0.94
葩,0.94
馕,0.93
阒,0.93
豉,0.93
虬,0.93
庖,0.93
幄,0.93
颢,0.93
啮,0.93
篙,0.93
蹴,0.93
嗄,0.92
菅,0.92
钿,0.92
襁,0.92
圜,0.92
锂,0.92
莠,0.92
蜇,0.92
幂,0.92
蛹,0.92
茏,0.91
纰,0.91
嘬,0.91
烷,0.91
仟,0.91
嗥,0.91
绶,0.91
骜,0.91
窠,0.91
讴,0.9
硌,0.9
茴,0.9
剜,0.9
泅,0.89
峒,0.89
湎,0.89
珲,0.89
鼹,0.89
淬,0.89
鲑,0.89
僮,0.89
舐,0.89
巽,0.89
诿,0.89
佤,0.88
碣,0.88
箸,0.88
绗,0.88
衾,0.88
啵,0.88
砭,0.88
翳,0.87
锨,0.87
椋,0.87
孛,0.87
琬,0.87
赧,0.87
葺,0.87
檄,0.87
搠,0.86
钛,0.86
槁,0.86
宥,0.86
簋,0.86
阕,0.85
垅,0.85
弁,0.85
俎,0.85
擤,0.85
诟,0.84
桠,0.84
鹌,0.84
隼,0.84
汨,0.84
耄,0.84
肓,0.84
橹,0.84
骧,0.84
瓤,0.84
亳,0.83
铄,0.83
芪,0.83
菏,0.83
糅,0.83
摺,0.83
仞,0.83
逡,0.83
胴,0.83
荚,0.83
黍,0.83
趸,0.83
棹,0.82
馔,0.82
谪,0.82
驸,0.82
嘞,0.82
屙,0.82
掼,0.82
佞,0.82
椽,0.82
夔,0.82
羸,0.82
伉,0.82
媾,0.82
柘,0.82
萋,0.82
囹,0.82
涪,0.82
屐,0.82
靼,0.82
膻,0.81
棰,0.81
阗,0.81
喑,0.81
虻,0.81
沩,0.81
粲,0.81
苕,0.81
豢,0.8
忸,0.8
桎,0.8
珐,0.8
舂,0.8
琮,0.8
勐,0.8
炅,0.8
缃,0.8
妗,0.8
侩,0.8
笤,0.79
荏,0.79
秫,0.79
狒,0.79
晷,0.79
逶,0.79
鹞,0.79
锉,0.79
鹗,0.79
藜,0.79
莒,0.79
稗,0.79
牝,0.79
柒,0.78
怩,0.78
痂,0.78
镛,0.78
淖,0.78
蘅,0.78
瑁,0.78
姒,0.77
楦,0.77
忤,0.77
鲈,0.77
殒,0.77
趿,0.77
卟,0.77
傩,0.76
颏,0.76
铳,0.76
蕤,0.76
阡,0.76
赅,0.76
阄,0.76
鹘,0.76
嚯,0.76
圄,0.76
呶,0.75
邕,0.75
梏,0.75
薜,0.75
孢,0.75
龋,0.75
镟,0.75
遴,0.75
揆,0.75
蕨,0.74
缱,0.74
撺,0.74
诨,0.74
肽,0.74
诳,0.74
儆,0.74
焯,0.74
麋,0.74
翕,0.74
睢,0.73
羿,0.73
霰,0.73
謇,0.73
煸,0.73
戗,0.73
疸,0.73
鲶,0.73
竽,0.73
缙,0.73
猢,0.73
鳕,0.73
嵬,0.72
驷,0.72
殚,0.72
髭,0.72
硒,0.72
矍,0.72
骠,0.72
裾,0.72
獠,0.72
啭,0.72
铣,0.72
伲,0.72
戕,0.72
毂,0.72
掴,0.72
鬈,0.72
菸,0.71
踅,0.71
胛,0.71
鼐,0.71
谶,0.71
曷,0.71
瑭,0.71
辇,0.71
鳏,0.71
怄,0.71
楫,0.71
笸,0.7
赭,0.7
钨,0.7
绠,0.7
傈,0.7
镫,0.7
淦,0.7
篦,0.7
倬,0.7
鹳,0.69
肄,0.69
笳,0.69
醴,0.69
楝,0.69
祢,0.69
炷,0.69
醚,0.69
琚,0.68
诤,0.68
菖,0.68
碚,0.68
殁,0.68
苌,0.68
芡,0.68
椴,0.68
亻,0.68
钺,0.67
僭,0.67
悌,0.67
寤,0.67
岿,0.67
鳍,0.67
觥,0.67
暝,0.67
蠹,0.67
劭,0.67
鏖,0.66
衿,0.66
蛔,0.66
嵊,0.66
燧,0.66
腱,0.66
痨,0.66
肜,0.66
槿,0.65
斫,0.65
遒,0.65
粳,0.65
糌,0.65
绀,0.65
踽,0.65
舛,0.65
耦,0.65
讧,0.65
挈,0.65
哏,0.64
蜍,0.64
鞅,0.64
桡,0.64
阈,0.64
舢,0.64
氦,0.64
唳,0.64
聩,0.64
畹,0.64
篑,0.64
埙,0.63
薨,0.63
韪,0.63
骐,0.63
昶,0.63
饴,0.63
乩,0.63
槎,0.63
鳟,0.63
漯,0.62
钎,0.62
铰,0.62
瘌,0.62
酽,0.62
氅,0.62
耋,0.62
醪,0.62
洮,0.62
绦,0.62
弭,0.62
醍,0.62
欤,0.62
嬗,0.61
砀,0.61
鄄,0.61
喙,0.61
蜊,0.61
茯,0.61
痍,0.61
疥,0.61
呖,0.6
聃,0.6
陔,0.6
帏,0.6
煊,0.6
椹,0.6
糍,0.6
刎,0.6
娈,0.6
兖,0.6
醮,0.6
掮,0.59
莴,0.59
悱,0.59
桉,0.59
笏,0.59
澍,0.59
哞,0.59
蛳,0.59
茔,0.58
逑,0.58
谡,0.58
擘,0.58
笞,0.58
醐,0.58
骈,0.58
螭,0.58
稹,0.58
槠,0.58
镆,0.58
沤,0.58
涞,0.57
铵,0.57
ㄩ,0.57
薏,0.57
钤,0.57
褡,0.57
僳,0.57
潋,0.57
郜,0.56
爨,0.56
阌,0.56
廪,0.56
嘏,0.56
狲,0.56
埭,0.56
咭,0.56
郢,0.56
砒,0.56
氽,0.56
岬,0.56
纥,0.56
綦,0.55
泔,0.55
喁,0.55
痼,0.55
祜,0.55
狎,0.55
阍,0.55
爰,0.55
孳,0.55
痧,0.55
倨,0.54
荥,0.54
妫,0.54
鲇,0.54
樾,0.54
甑,0.54
溧,0.54
僖,0.54
缛,0.53
愍,0.53
埸,0.53
麂,0.53
哂,0.53
ㄚ,0.53
郫,0.53
薮,0.53
鄢,0.53
橐,0.52
肱,0.52
辔,0.52
陉,0.52
诮,0.52
矽,0.52
崆,0.52
氵,0.52
㈣,0.52
菽,0.52
氰,0.52
螯,0.52
躅,0.51
蒯,0.51
荦,0.51
苫,0.51
栎,0.51
踯,0.51
睥,0.51
碇,0.51
侉,0.51
枥,0.51
谌,0.51
伥,0.51
癜,0.51
褙,0.51
绱,0.51
蒹,0.51
跹,0.5
邛,0.5
邳,0.5
沣,0.5
痱,0.5
恽,0.49
殄,0.49
诓,0.49
酰,0.49
鲟,0.49
箧,0.49
愆,0.49
箐,0.49
俳,0.49
圪,0.49
儋,0.49
麸,0.49
楸,0.49
郓,0.49
阚,0.49
腭,0.48
辎,0.48
轸,0.48
珥,0.48
徭,0.48
碛,0.48
崧,0.48
叻,0.48
凫,0.48
逦,0.48
砷,0.48
滁,0.48
蘼,0.48
鸩,0.48
霈,0.48
芾,0.48
扦,0.48
糨,0.48
柞,0.47
罅,0.47
唛,0.47
秣,0.47
邰,0.47
亍,0.47
鞣,0.47
顼,0.47
荑,0.47
虢,0.47
绁,0.46
螟,0.46
椁,0.46
獾,0.46
轭,0.46
绡,0.46
踟,0.46
罘,0.46
侑,0.46
崮,0.46
犍,0.46
橛,0.46
堀,0.46
颛,0.46
抟,0.46
钒,0.46
讦,0.46
鬻,0.45
艄,0.45
苋,0.45
悒,0.45
辊,0.45
侪,0.45
枞,0.45
圻,0.45
馐,0.45
蒗,0.45
芘,0.45
戬,0.45
庑,0.45
髋,0.44
貉,0.44
墀,0.44
谯,0.44
瑷,0.44
扌,0.44
硼,0.44
篁,0.44
岘,0.44
钹,0.44
豕,0.44
碓,0.44
蓖,0.44
簟,0.44
崃,0.44
筮,0.44
俦,0.44
庠,0.44
缂,0.44
榫,0.44
阊,0.44
痦,0.44
怙,0.44
嵯,0.44
赉,0.44
耒,0.43
奁,0.43
蹼,0.43
杓,0.43
沆,0.43
莼,0.43
泮,0.43
栌,0.43
鳃,0.43
瓴,0.43
唿,0.43
邙,0.43
铖,0.43
洇,0.43
裢,0.42
渖,0.42
圹,0.42
獐,0.42
蛭,0.42
窨,0.42
樯,0.42
逖,0.42
硷,0.42
轳,0.42
缗,0.42
赍,0.42
莜,0.42
绋,0.42
焐,0.41
壅,0.41
馑,0.41
辚,0.41
帙,0.41
钴,0.41
刈,0.41
轫,0.41
芨,0.41
捩,0.41
瘙,0.41
囝,0.41
绐,0.41
苣,0.41
驽,0.41
鲠,0.41
仝,0.41
汊,0.41
伧,0.41
膈,0.41
竦,0.41
眦,0.41
垩,0.4
氐,0.4
愎,0.4
欹,0.4
蓼,0.4
趺,0.4
貔,0.4
逋,0.4
佥,0.4
鼬,0.4
ㄟ,0.39
黟,0.39
苷,0.39
忝,0.39
痈,0.39
蹰,0.39
戢,0.39
熵,0.39
蜉,0.39
啁,0.39
锔,0.39
潴,0.39
砦,0.39
鲔,0.39
勖,0.39
妣,0.39
贽,0.39
恚,0.39
箬,0.39
龃,0.39
迨,0.39
猱,0.39
雎,0.38
鹬,0.38
荸,0.38
燠,0.38
蝼,0.38
鲢,0.38
陟,0.38
檫,0.38
煅,0.38
鸷,0.38
疝,0.38
嫱,0.38
锒,0.38
俅,0.38
昝,0.37
龉,0.37
凇,0.37
矬,0.37
罴,0.37
呔,0.37
洹,0.37
塬,0.37
铙,0.37
傧,0.37
楗,0.37
臬,0.37
茕,0.37
蟥,0.37
骟,0.37
蘖,0.37
猡,0.37
郾,0.37
枋,0.37
纡,0.36
骢,0.36
趵,0.36
蚧,0.36
舸,0.36
鄞,0.36
捌,0.36
枰,0.36
峤,0.36
幛,0.36
栊,0.36
榉,0.36
鎏,0.36
邗,0.36
讵,0.35
藿,0.35
雒,0.35
珙,0.35
谔,0.35
祆,0.35
钯,0.35
挹,0.35
捭,0.35
蒺,0.35
穑,0.35
溴,0.35
啶,0.35
猗,0.35
赀,0.35
垓,0.34
泫,0.34
皴,0.34
呒,0.34
镢,0.34
镗,0.34
蚜,0.34
剡,0.34
籴,0.34
鲛,0.34
魑,0.34
貅,0.34
氖,0.34
茭,0.34
钼,0.34
胝,0.34
蛏,0.34
螓,0.34
丶,0.34
翮,0.34
戆,0.34
哓,0.34
薅,0.34
箝,0.34
烃,0.34
彀,0.34
掾,0.34
羟,0.34
眇,0.34
葚,0.34
锟,0.34
钡,0.33
洄,0.33
狷,0.33
牖,0.33
戡,0.33
雠,0.33
镏,0.33
嘌,0.33
媪,0.33
莪,0.33
怼,0.33
瀣,0.33
鬣,0.33
ㄓ,0.33
缫,0.33
繇,0.32
豇,0.32
蓊,0.32
濉,0.32
渌,0.32
芗,0.32
螨,0.32
璩,0.32
铩,0.32
訾,0.32
縻,0.32
檎,0.32
魉,0.32
桷,0.32
旃,0.32
瘘,0.32
逄,0.32
枳,0.32
骝,0.32
锱,0.31
蘩,0.31
黥,0.31
炝,0.31
妁,0.31
鄯,0.31
涠,0.31
砻,0.31
筲,0.31
檗,0.31
鼋,0.31
疖,0.31
疃,0.31
鸹,0.31
篪,0.31
吡,0.31
宀,0.31
翥,0.31
钚,0.31
榘,0.31
荇,0.31
镬,0.31
藁,0.3
瓠,0.3
黩,0.3
盱,0.3
椟,0.3
侔,0.3
雩,0.3
腈,0.3
癯,0.3
糁,0.3
杼,0.3
狍,0.3
畚,0.3
筌,0.3
鸬,0.3
郧,0.3
殳,0.3
龅,0.3
癔,0.3
蘧,0.3
荭,0.3
苎,0.29
粜,0.29
鳜,0.29
萏,0.29
隗,0.29
酢,0.29
殍,0.29
榧,0.29
胪,0.29
仡,0.29
邾,0.29
犸,0.29
尻,0.29
刿,0.29
濞,0.29
蕲,0.28
箪,0.28
垡,0.28
酡,0.28
菘,0.28
魍,0.28
笪,0.28
埕,0.28
黉,0.28
凼,0.28
璎,0.28
笥,0.28
硖,0.28
矸,0.28
昴,0.28
溘,0.27
沭,0.27
耨,0.27
齑,0.27
ㄅ,0.27
礅,0.27
锑,0.27
蚨,0.27
笫,0.27
蚶,0.27
衽,0.27
墒,0.27
蟮,0.27
溲,0.27
酆,0.27
螅,0.27
鹩,0.27
旄,0.26
髌,0.26
缟,0.26
囟,0.26
磴,0.26
圮,0.26
坻,0.26
磔,0.26
颡,0.26
熘,0.26
盍,0.26
闼,0.26
狻,0.26
欷,0.26
堞,0.26
鲅,0.26
胗,0.26
鸱,0.26
钣,0.26
耜,0.26
豸,0.26
蝣,0.26
溽,0.26
芎,0.26
鸶,0.25
徼,0.25
眙,0.25
圉,0.25
荽,0.25
檩,0.25
佶,0.25
詈,0.25
㈤,0.25
沔,0.25
瘢,0.25
袢,0.25
蚬,0.25
拊,0.25
嶷,0.25
勰,0.25
滠,0.25
鹚,0.25
怿,0.25
呋,0.25
跸,0.25
耩,0.25
嶝,0.25
缶,0.25
蔟,0.25
骘,0.25
艿,0.25
疋,0.25
岜,0.24
卮,0.24
彘,0.24
ㄢ,0.24
螫,0.24
觚,0.24
魈,0.24
鲞,0.24
郛,0.24
谵,0.24
秭,0.24
溱,0.24
孥,0.24
畈,0.24
滹,0.24
徂,0.24
玎,0.24
莨,0.24
氡,0.24
嫫,0.24
谰,0.24
镉,0.24
ㄣ,0.24
缯,0.24
穰,0.24
钅,0.24
镦,0.23
柰,0.23
谝,0.23
菟,0.23
磙,0.23
蒌,0.23
蠲,0.23
淝,0.23
蚵,0.23
柢,0.23
菰,0.23
艹,0.23
曩,0.23
坼,0.23
脔,0.23
垌,0.23
睚,0.23
峁,0.23
怛,0.23
筇,0.23
垆,0.22
谮,0.22
隹,0.22
薹,0.22
钌,0.22
錾,0.22
醅,0.22
猊,0.22
哌,0.22
砬,0.22
蛄,0.22
纟,0.22
鲷,0.22
胼,0.22
禳,0.22
莳,0.22
獬,0.22
屣,0.22
蛉,0.22
嘧,0.22
嫒,0.22
丨,0.22
痖,0.22
鲮,0.22
疴,0.22
诔,0.22
菀,0.22
飧,0.22
裰,0.22
糸,0.22
亓,0.22
锴,0.21
疠,0.21
渑,0.21
耔,0.21
镡,0.21
鬲,0.21
餍,0.21
倥,0.21
棼,0.21
坭,0.21
膂,0.21
氙,0.21
隈,0.21
肫,0.21
溆,0.21
隰,0.21
鏊,0.21
鲧,0.21
骖,0.21
睃,0.21
ㄇ,0.21
谂,0.21
鲥,0.21
躔,0.21
觜,0.21
蕻,0.2
秕,0.2
笊,0.2
缦,0.2
笄,0.2
蕈,0.2
灬,0.2
萁,0.2
孓,0.2
瞽,0.2
鞴,0.2
庹,0.2
铊,0.2
椐,0.2
嫜,0.2
倮,0.2
觇,0.2
谠,0.2
谳,0.2
硪,0.2
耪,0.2
鬯,0.2
裥,0.2
哕,0.2
旆,0.2
锆,0.2
阝,0.2
偬,0.2
耧,0.2
炔,0.2
夤,0.2
跏,0.2
黻,0.2
眄,0.2
汜,0.2
彐,0.2
狯,0.2
锗,0.2
鲱,0.2
丿,0.2
岙,0.2
坩,0.2
鹈,0.19
畀,0.19
郏,0.19
阏,0.19
鄣,0.19
铱,0.19
哙,0.19
髫,0.19
鲳,0.19
逯,0.19
篼,0.19
鲵,0.19
黧,0.19
舡,0.19
朐,0.19
廨,0.19
铗,0.19
酹,0.19
塍,0.19
廛,0.19
瘗,0.19
忄,0.19
赜,0.19
憷,0.19
镪,0.18
硐,0.18
礻,0.18
帑,0.18
嗪,0.18
诜,0.18
猹,0.18
镔,0.18
蓍,0.18
郇,0.18
贶,0.18
裎,0.18
蒡,0.18
匏,0.18
啉,0.18
骶,0.18
粢,0.18
飑,0.18
溏,0.18
仵,0.18
槭,0.18
狺,0.18
刂,0.18
莩,0.18
镝,0.18
卩,0.18
骓,0.18
郯,0.18
褊,0.18
喈,0.18
荜,0.18
蠃,0.18
鼙,0.18
摭,0.18
杪,0.18
滗,0.18
ㄆ,0.18
桁,0.18
豳,0.18
槊,0.18
墁,0.18
舁,0.18
蛩,0.18
舨,0.18
觌,0.18
橼,0.17
鼍,0.17
鹕,0.17
绲,0.17
瘿,0.17
阋,0.17
暌,0.17
麇,0.17
毖,0.17
帻,0.17
垸,0.17
跖,0.17
卣,0.17
籀,0.17
崤,0.17
鲰,0.17
愀,0.17
罨,0.17
猓,0.17
荩,0.17
鲣,0.17
峄,0.17
蕖,0.17
懔,0.17
谖,0.17
杌,0.17
芰,0.17
缣,0.17
钬,0.17
兕,0.16
扃,0.16
锶,0.16
鞫,0.16
篌,0.16
ㄌ,0.16
颟,0.16
箜,0.16
胨,0.16
筚,0.16
馓,0.16
辏,0.16
髑,0.16
伛,0.16
鳎,0.16
麈,0.16
浈,0.16
怫,0.16
埽,0.16
艽,0.16
嗾,0.16
诹,0.16
袷,0.16
涑,0.16
劬,0.16
甙,0.16
苴,0.16
殛,0.16
髂,0.16
刖,0.16
酐,0.16
跬,0.16
鳇,0.16
辂,0.16
髀,0.16
煳,0.16
芈,0.16
皲,0.15
咴,0.15
垧,0.15
镲,0.15
燔,0.15
钕,0.15
鲂,0.15
愦,0.15
晡,0.15
劢,0.15
鞯,0.15
蜮,0.15
髟,0.15
蟊,0.15
ㄠ,0.15
纛,0.15
怍,0.15
宄,0.15
醯,0.15
骒,0.15
顸,0.15
襦,0.15
蚍,0.15
柝,0.15
颞,0.15
搛,0.15
拶,0.15
驺,0.15
锝,0.15
鲡,0.15
跣,0.15
揎,0.15
屦,0.15
鲚,0.15
樘,0.15
樗,0.15
泺,0.15
卺,0.15
疳,0.15
蠓,0.15
洧,0.15
诎,0.15
籼,0.15
泐,0.15
隳,0.15
嬲,0.15
悛,0.14
绨,0.14
缒,0.14
觳,0.14
暾,0.14
苁,0.14
琊,0.14
慊,0.14
缵,0.14
辋,0.14
羼,0.14
曛,0.14
媸,0.14
笕,0.14
貘,0.14
槲,0.14
茼,0.14
戽,0.14
魃,0.14
洳,0.14
ㄉ,0.14
黾,0.14
蓠,0.14
髹,0.14
钸,0.14
邴,0.14
鲎,0.14
燹,0.14
粝,0.14
趱,0.14
垴,0.14
褫,0.14
蝮,0.14
堙,0.14
蹁,0.14
鸲,0.14
汔,0.14
陬,0.14
氇,0.14
ㄏ,0.13
鹣,0.13
刳,0.13
迓,0.13
猁,0.13
薤,0.13
歃,0.13
厍,0.13
铍,0.13
焓,0.13
枧,0.13
溷,0.13
葸,0.13
旰,0.13
遘,0.13
尥,0.13
郄,0.13
黼,0.13
偾,0.13
浯,0.13
匦,0.13
坜,0.13
洎,0.13
辶,0.13
貊,0.13
庋,0.13
剀,0.13
彖,0.13
搦,0.13
邡,0.13
蝾,0.13
猞,0.13
饩,0.13
漶,0.13
茑,0.13
鸫,0.13
锞,0.13
悫,0.13
熳,0.13
鲭,0.13
揠,0.13
ㄋ,0.13
喾,0.13
脘,0.13
矧,0.13
嵛,0.13
鹾,0.12
畛,0.12
虼,0.12
脲,0.12
檠,0.12
舄,0.12
柽,0.12
蛱,0.12
讠,0.12
跫,0.12
嗉,0.12
麴,0.12
窳,0.12
嬖,0.12
郐,0.12
赕,0.12
揸,0.12
羝,0.12
饧,0.12
轾,0.12
疔,0.12
昃,0.12
蔌,0.12
蝤,0.12
蔸,0.12
蝰,0.12
蛞,0.12
禊,0.12
犴,0.12
甾,0.12
嫠,0.12
氆,0.12
瘳,0.12
箅,0.12
螽,0.12
ㄒ,0.12
畋,0.12
缳,0.12
蕞,0.12
湓,0.12
蒴,0.12
鳊,0.12
虮,0.12
艏,0.12
鋈,0.12
脬,0.12
栲,0.12
茌,0.11
踬,0.11
佾,0.11
饣,0.11
綮,0.11
哚,0.11
髡,0.11
霪,0.11
萑,0.11
媵,0.11
蚋,0.11
悃,0.11
枵,0.11
怃,0.11
鹇,0.11
胙,0.11
旒,0.11
鲽,0.11
蓥,0.11
梃,0.11
缲,0.11
遄,0.11
芴,0.11
萜,0.11
铫,0.11
芟,0.11
鲋,0.11
戋,0.11
缬,0.11
埝,0.11
饫,0.11
堍,0.11
艋,0.11
裒,0.11
骀,0.11
皤,0.11
钭,0.11
鲩,0.11
茆,0.11
枨,0.11
喹,0.11
馇,0.11
贳,0.11
岢,0.11
赙,0.11
埒,0.11
蠖,0.11
肷,0.11
萘,0.11
臌,0.11
钍,0.11
祧,0.11
蝥,0.11
廒,0.11
堠,0.11
胩,0.11
轺,0.11
锸,0.1
鍪,0.1
锩,0.1
仉,0.1
砼,0.1
犭,0.1
荛,0.1
龆,0.1
殂,0.1
踔,0.1
嗍,0.1
蓣,0.1
蓐,0.1
酲,0.1
蹀,0.1
虺,0.1
碡,0.1
鹪,0.1
苻,0.1
圯,0.1
趼,0.1
瘐,0.1
煺,0.1
慝,0.1
岽,0.1
菔,0.1
铒,0.1
诖,0.1
浍,0.1
硎,0.1
蛲,0.1
狨,0.1
躜,0.1
厣,0.1
崦,0.1
蝓,0.1
槔,0.1
砩,0.1
缧,0.1
澌,0.1
谇,0.1
嗌,0.1
蜩,0.1
觯,0.1
彡,0.1
瘊,0.1
蚰,0.1
虿,0.1
舻,0.1
钲,0.1
唣,0.1
ㄍ,0.1
硗,0.1
簏,0.09
陴,0.09
苄,0.09
蜱,0.09
镨,0.09
毹,0.09
艉,0.09
衤,0.09
芄,0.09
鼯,0.09
夼,0.09
舴,0.09
醣,0.09
龠,0.09
尢,0.09
黹,0.09
柁,0.09
戥,0.09
蛴,0.09
忉,0.09
祓,0.09
酎,0.09
螈,0.09
撄,0.09
羧,0.09
鳔,0.09
柙,0.09
鹆,0.09
芑,0.09
襞,0.09
烀,0.09
瘵,0.09
氍,0.09
挢,0.09
髁,0.09
罾,0.09
蟪,0.09
醢,0.09
埏,0.09
龀,0.09
潆,0.09
岈,0.09
笮,0.09
岣,0.09
榇,0.09
笱,0.09
镘,0.09
瓿,0.09
钪,0.09
鞲,0.09
攵,0.09
眚,0.09
箨,0.09
肀,0.09
蠼,0.09
缌,0.08
屺,0.08
僦,0.08
瞢,0.08
ㄗ,0.08
瘼,0.08
蠛,0.08
缏,0.08
钐,0.08
湔,0.08
吲,0.08
苤,0.08
鼗,0.08
觫,0.08
搌,0.08
砉,0.08
桫,0.08
乇,0.08
掊,0.08
佴,0.08
桄,0.08
躞,0.08
獍,0.08
厶,0.08
鹁,0.08
椠,0.08
胍,0.08
硇,0.08
膣,0.08
筢,0.08
俣,0.08
刭,0.08
蕹,0.08
肟,0.08
俜,0.08
轵,0.08
鲆,0.08
茛,0.08
擗,0.08
罟,0.08
滏,0.08
酴,0.08
缍,0.08
仳,0.08
悝,0.08
謦,0.08
酤,0.08
蟛,0.08
圬,0.08
堋,0.08
窭,0.08
ㄔ,0.08
锾,0.08
锓,0.08
诼,0.08
砟,0.08
桤,0.08
酾,0.08
獯,0.08
聱,0.08
絷,0.08
饔,0.08
溻,0.08
馘,0.08
襻,0.08
甍,0.08
酞,0.08
瘅,0.08
橥,0.08
铼,0.08
桕,0.08
莛,0.08
塄,0.08
唼,0.08
裼,0.08
窬,0.08
蛸,0.08
掎,0.08
筘,0.08
氘,0.08
癀,0.07
蚴,0.07
缡,0.07
嫘,0.07
钽,0.07
锿,0.07
哿,0.07
ㄘ,0.07
蜞,0.07
噍,0.07
吣,0.07
猃,0.07
镧,0.07
蝽,0.07
狃,0.07
儇,0.07
舳,0.07
鹛,0.07
浞,0.07
踺,0.07
ㄎ,0.07
哜,0.07
哳,0.07
笾,0.07
擐,0.07
鹨,0.07
蒽,0.07
捃,0.07
腠,0.07
仫,0.07
逭,0.07
ㄖ,0.07
劁,0.07
掭,0.07
惝,0.07
箦,0.07
锕,0.07
ㄛ,0.07
牾,0.07
ㄊ,0.07
苘,0.07
颃,0.07
埴,0.07
莸,0.07
尜,0.07
锬,0.07
铌,0.07
袼,0.07
荬,0.07
廑,0.07
黪,0.07
撙,0.07
鬏,0.07
跽,0.07
垤,0.07
眵,0.07
ㄝ,0.07
鄹,0.07
畎,0.07
瓞,0.07
醭,0.07
篥,0.07
洫,0.07
簦,0.07
阼,0.07
忮,0.07
毳,0.07
岵,0.07
糇,0.07
芏,0.07
硭,0.07
匚,0.06
蛘,0.06
玢,0.06
瞀,0.06
坌,0.06
摅,0.06
裣,0.06
甏,0.06
栳,0.06
砗,0.06
茈,0.06
㈥,0.06
趑,0.06
铋,0.06
埘,0.06
蠊,0.06
瘰,0.06
觋,0.06
铷,0.06
恧,0.06
攉,0.06
垲,0.06
舣,0.06
栝,0.06
漭,0.06
锇,0.06
埤,0.06
渫,0.06
镅,0.06
窆,0.06
眭,0.06
㈩,0.06
筅,0.06
鞔,0.06
蕺,0.06
闶,0.06
氪,0.06
疒,0.06
鸸,0.06
踣,0.06
稂,0.06
葶,0.06
鐾,0.06
毵,0.06
涫,0.06
冂,0.06
衄,0.06
锎,0.06
菹,0.06
锘,0.06
轹,0.06
艟,0.06
镱,0.06
廾,0.06
酃,0.06
碲,0.06
忭,0.06
蜾,0.06
癍,0.06
ㄑ,0.06
甓,0.06
醵,0.06
幞,0.06
穸,0.06
敉,0.06
钫,0.05
鳙,0.05
萆,0.05
艨,0.05
墼,0.05
犏,0.05
锫,0.05
邶,0.05
嵫,0.05
赆,0.05
莶,0.05
崞,0.05
敫,0.05
崾,0.05
狁,0.05
蛑,0.05
鳐,0.05
呙,0.05
砘,0.05
砑,0.05
裉,0.05
跗,0.05
谫,0.05
蜣,0.05
躐,0.05
蓰,0.05
鹋,0.05
帱,0.05
鲦,0.05
铥,0.05
纩,0.05
磉,0.05
簖,0.05
跞,0.05
泖,0.05
蹯,0.05
眍,0.05
榱,0.05
醑,0.05
锼,0.05
骺,0.05
骱,0.05
菥,0.05
茺,0.05
蝻,0.05
臁,0.05
坫,0.05
鲻,0.05
揲,0.05
觏,0.05
攴,0.05
柃,0.05
陧,0.05
铪,0.05
箢,0.05
ㄐ,0.05
醌,0.05
枘,0.05
剞,0.05
搿,0.05
仂,0.05
朊,0.05
铑,0.05
牮,0.05
疬,0.05
劓,0.05
罱,0.05
庀,0.05
嵝,0.05
锍,0.05
葙,0.05
炱,0.05
凵,0.05
澉,0.05
砜,0.05
嵴,0.05
阽,0.05
迕,0.05
恝,0.05
胂,0.04
唪,0.04
砹,0.04
鲐,0.04
淠,0.04
嚆,0.04
聍,0.04
芤,0.04
钋,0.04
肼,0.04
鸺,0.04
圊,0.04
锖,0.04
犋,0.04
冖,0.04
膦,0.04
癃,0.04
爝,0.04
篚,0.04
庳,0.04
耥,0.04
珧,0.04
榀,0.04
鹎,0.04
菪,0.04
劂,0.04
铞,0.04
鞒,0.04
胬,0.04
楱,0.04
巯,0.04
瘕,0.04
瘛,0.04
铟,0.04
鳘,0.04
ㄞ,0.04
蔹,0.04
镎,0.04
钶,0.04
泶,0.04
蚺,0.04
羰,0.04
脞,0.04
缋,0.04
埯,0.04
鳋,0.04
磲,0.04
傺,0.04
螋,0.04
胲,0.04
碹,0.04
鲒,0.04
揞,0.04
茇,0.04
亠,0.04
肭,0.04
钇,0.04
狳,0.04
螗,0.04
铯,0.04
钔,0.04
夂,0.04
銎,0.04
礤,0.04
螬,0.04
冁,0.04
氚,0.04
锊,0.04
鼷,0.04
耱,0.04
驵,0.04
铈,0.04
僬,0.04
憝,0.04
瘥,0.04
窀,0.04
蒉,0.04
殪,0.04
赇,0.04
犰,0.04
钆,0.04
鲕,0.04
戤,0.04
ㄡ,0.03
礞,0.03
撖,0.03
镩,0.03
蒇,0.03
㈦,0.03
鳆,0.03
艴,0.03
腧,0.03
铴,0.03
鳢,0.03
漤,0.03
牿,0.03
礓,0.03
辁,0.03
冫,0.03
苈,0.03
螵,0.03
铕,0.03
疰,0.03
巛,0.03
菝,0.03
茳,0.03
怊,0.03
糈,0.03
锪,0.03
冱,0.03
颥,0.03
苊,0.03
坶,0.03
廴,0.03
瞍,0.03
铘,0.03
舯,0.03
阢,0.03
禚,0.03
觖,0.03
榍,0.03
勹,0.03
鹱,0.03
粞,0.03
薷,0.03
桊,0.03
腽,0.03
搋,0.03
毪,0.03
骣,0.03
脒,0.03
檑,0.03
耠,0.03
脶,0.03
沲,0.03
筻,0.03
岍,0.03
瞵,0.03
狴,0.03
膪,0.03
佧,0.03
碥,0.03
蒎,0.03
舾,0.03
墚,0.03
丌,0.03
葜,0.03
鼽,0.03
瘃,0.03
鳓,0.03
丬,0.03
铽,0.02
炻,0.02
瘭,0.02
猸,0.02
迮,0.02
镤,0.02
耖,0.02
痃,0.02
镄,0.02
痄,0.02
塥,0.02
鼢,0.02
鲴,0.02
艚,0.02
㈧,0.02
鲼,0.02
茚,0.02
弪,0.02
洚,0.02
钷,0.02
眢,0.02
莰,0.02
ㄕ,0.02
稃,0.02
鲺,0.02
軎,0.02
屮,0.02
劐,0.02
ㄈ,0.02
酏,0.02
轷,0.02
镥,0.02
苠,0.02
舭,0.02
㈨,0.02
蟓,0.02
耵,0.02
齄,0.02
稆,0.01
ㄙ,0.01
耢,0.01
虍,0.01
ㄜ,0.01
荮,0.01
脎,0.01
蒈,0.01
氕,0.01
腙,0.01
